Event_ID,Place_ID,Event_Name,Event_Category,District,Venue,Description,Organizer,Contact_Person,Phone_Number,Email,Official_Website,Latitude,Longitude,Start_Date,End_Date,Start_Time,End_Time,Duration_Days,Season,Expected_Visitors,Registration_Required,Entry_Fee_INR,Maximum_Capacity,Remaining_Capacity,Age_Restriction,Suitable_For,Food_Available,Parking_Available,Wheelchair_Accessible,Emergency_Medical_Service,Security_Available,Event_Status,Image_URL,Created_Date,Updated_Date
EV015,MP037, Classical Walk 2026,Festival,Kakching,Open Field,"This Festival event at Open Field is a must-attend for anyone visiting Manipur. Classical Walk 2026 offers a unique blend of tradition and modernity with live performances, workshops, and networking opportunities for tourists and locals alike. ",District Administration,Krishna Thang,-145531,info@classicalwalk2026.in,https://www.classicalwalk2026.com,25.22,93.4561,07-05-2026,11-05-2026,09:00 Ayuk,10:00 Nungthil,4,Summer,8055,No,200,16110,8022,None,"Students, Tourists, Researchers",Yes,No,Yes,No,Yes,Completed,https://example.com/event15.jpg,25-03-2025,17-07-2025
EV026,MP029,Keibul Walk 2025,Food,Tengnoupal,Meeting Hall,"This Food event at Meeting Hall is a must-attend for anyone visiting Manipur. Keibul Walk 2025 offers a unique blend of tradition and modernity with live performances, workshops, and networking opportunities for tourists and locals alike.",Adventure Club,Leima Ningombam,-114383,info@keibulwalk2025.org,https://www.keibulwalk2025.com,24.0747,94.415,13-07-2026,21-07-2026,10:00 Ayuk,10:00 Nungthil,8,Monsoon,14395,Yes,500,68414,54362,Above 12,"Researchers, Students",No,No,Yes,No,Yes,Ongoing,https://example.com/event26.jpg,22-07-2025,03-12-2026
EV076,MP018,Dzuko Tournament 2024,Photography,Jiribam,Meeting Hall,"This Photography event at Meeting Hall is a must-attend for anyone visiting Manipur. Dzuko Tournament 2024 offers a unique blend of tradition and modernity with live performances, workshops, and networking opportunities for tourists and locals alike.",Manipur Handloom Board,Krishna Devi,-522623,info@dzukotournament2024.in,NULL,25.1898,93.4176,22-09-2026,01-10-2026,11:00 Ayuk,09:00 Nungthil,9,Monsoon,22420,No,200,84168,62196,None,"Adventure Lovers, Photographers",No,Yes,No,No,No,Ongoing,https://example.com/event76.jpg,04-11-2024,19-04-2025
EV075,MP033, Food Exhibition 2025,Food,Tengnoupal,Cultural Hall,"This Food event at Cultural Hall is a must-attend for anyone visiting Manipur. Food Exhibition 2025 offers a unique blend of tradition and modernity with live performances, workshops, and networking opportunities for tourists and locals alike. ",University,Arjun Singha,-235965,info@foodexhibition202513@gmail.com,NULL,25.2719,93.4883,13-01-2024,22-01-2024,09:00 Ayuk,10:00 Nungthil,9,Winter,7261,No,100,71968,65160,Above 12,Everyone,No,Yes,Yes,No,No,Upcoming,https://example.com/event75.jpg,16-10-2023,13-02-2025
EV010,MP040,Wildlife Exhibition 2026,Exhibition,Noney,Community Centre,"A grand Exhibition event celebrating the rich cultural heritage of Manipur. Wildlife Exhibition 2026 features traditional performances, workshops, and exhibitions. Visitors can enjoy local cuisine, crafts, and interactive activities. The event attracts tourists from across the country.",Local Cultural Committee,Wungnao Shimray,-360420,info@tpst,NULL,24.1793,93.9509,24-07-2024,26-07-2024,10:00 Ayuk,10:00 Nungthil,2,Monsoon,8251,Yes,50,16502,8600,None,Everyone,Yes,Yes,No,Yes,Yes,Ongoing,https://example.com/event10.jpg,03-03-2024,21-03-2025
EV070,MP040,Orchid Camp 2025,Cultural,Tengnoupal,Main Ground,"This Cultural event at Main Ground is a must-attend for anyone visiting Manipur. Orchid Camp 2025 offers a unique blend of tradition and modernity with live performances, workshops, and networking opportunities for tourists and locals alike.",Adventure Club,Priya Rao,-583444,info@bfcl,https://www.orchidcamp2025.com,25.481,93.7025,05-07-2024,12-07-2024,10:00 Ayuk,08:00 Nungthil,7,Monsoon,4759,No,1000,67120,62382,Above 21,"Children, Families, Tourists",No,No,No,No,No,Completed,https://example.com/event70.jpg,21-07-2023,06-11-2026
EV037,MP014,Tamenglong Utsav 2026,workshop,Kakching,Amphitheatre,"A grand Workshop event celebrating the rich cultural heritage of Manipur. Tamenglong Utsav 2026 features traditional performances, workshops, and exhibitions. Visitors can enjoy local cuisine, crafts, and interactive activities. The event attracts tourists from across the country.",Local Cultural Committee,Leima Ningombam,-751470,info@tamenglongutsav2026.org,NULL,24.6487,93.9497,17-06-2024,19-06-2024,08:00 Ayuk,10:00 Nungthil,2,Summer,5812,No,100,51312,45686,Above 12,Everyone,Yes,Yes,Yes,No,No,Postponed,https://example.com/event37.jpg,18-03-2024,03-07-2025
EV097,MP047,Wildlife Carnival 2025,CULTURAL,Jiribam,Community Centre,"This Cultural event at Community Centre is a must-attend for anyone visiting Manipur. Wildlife Carnival 2025 offers a unique blend of tradition and modernity with live performances, workshops, and networking opportunities for tourists and locals alike.",Private Organizer,Arjun Gupta,-648077,info@optht,NULL,24.3639,93.8131,14-08-2025,21-08-2025,10:00 Ayuk,08:00 Nungthil,7,Monsoon,3083,No,0,17339,13840,Above 18,"Children, Families, Tourists",No,No,No,Yes,Yes,Cancelled,https://example.com/event97.jpg,05-08-2023,20-06-2025
EV029,MP022,Manipur Tournament 2024,Wildlife,Tamenglong,Main Ground,"This Wildlife event at Main Ground is a must-attend for anyone visiting Manipur. Manipur Tournament 2024 offers a unique blend of tradition and modernity with live performances, workshops, and networking opportunities for tourists and locals alike.",University,Usham Devi,-847864,info@sontc,NULL,24.0033,94.2834,04-02-2026,09-02-2026,10:00 Ayuk,10:00 Nungthil,5,Winter,1396,Yes,200,27026,26048,Above 21,"Researchers, Students",No,No,Yes,Yes,Yes,Ongoing,https://example.com/event29.jpg,20-05-2024,09-11-2025
EV089,MP008,Keibul Festival 2024 1,Exhibition,Imphal East,Amphitheatre,"A grand Exhibition event celebrating the rich cultural heritage of Manipur. Keibul Festival 2024 1 features traditional performances, workshops, and exhibitions. Visitors can enjoy local cuisine, crafts, and interactive activities. The event attracts tourists from across the country.",District Administration,Raj Rao,-658563,info@keibulfestival20241.com,https://www.keibulfestival20241.com,25.3294,93.5502,16-04-2024,20-04-2024,10:00 Ayuk,06:00 Nungthil,4,Spring,47876,Yes,1000,95752,47862,Above 18,"Tourists, Photographers",No,No,Yes,Yes,No,Upcoming,https://example.com/event89.jpg,17-03-2023,07-01-2025
EV064,MP001,Wildlife Carnival 2024,Music,Noney,Meeting Hall,"This Music event at Meeting Hall is a must-attend for anyone visiting Manipur. Wildlife Carnival 2024 offers a unique blend of tradition and modernity with live performances, workshops, and networking opportunities for tourists and locals alike.",University,Krishna Kumar,-745673,info@wildlifecarnival2024.in,https://www.wildlifecarnival2024.com,25.2122,93.0857,25-11-2025,02-12-2025,09:00 Ayuk,10:00 Nungthil,7,Autumn,12995,No,50,54089,40870,Above 21,"Children, Families, Tourists",No,Yes,No,No,Yes,Postponed,https://example.com/event64.jpg,09-01-2025,17-07-2025
EV040,MP004,Andro Conference 2026,Exhibition,Tengnoupal,Amphitheatre,"Andro Conference 2026 is a premier Exhibition event organized to promote tourism in Manipur. The festival includes cultural shows, adventure activities, and food stalls. It provides a platform for local artisans and performers to showcase their talents.",Manipur Cultural Academy,Usham Sharma,-543894,info@ipfaj,https://www.androconference2026.com,25.1568,94.038,14-05-2024,24-05-2024,08:00 Ayuk,10:00 Nungthil,10,Summer,26184,Yes,50,52368,25959,None,"Researchers, Students",No,Yes,No,No,No,Completed,https://example.com/event40.jpg,06-10-2025,14-08-2026
EV081,MP009,Food Concert 2026,Workshop,Thoubal,Meeting Hall,"This Workshop event at Meeting Hall is a must-attend for anyone visiting Manipur. Food Concert 2026 offers a unique blend of tradition and modernity with live performances, workshops, and networking opportunities for tourists and locals alike.",Peace Foundation,Usham Kumar,-527366,info@foodconcert202692@festival.com,https://www.foodconcert2026.com,25.2554,93.1639,08-09-2024,12-09-2024,10:00 Ayuk,10:00 Nungthil,4,Monsoon,42260,No,0,84520,42345,Above 21,"Tourists, Photographers",No,No,No,No,No,Upcoming,https://example.com/event81.jpg,10-04-2024,23-02-2025
EV028,MP039,Keibul Fair 2026 1,Food,Senapati,Cultural Hall,"Join us at Cultural Hall for Keibul Fair 2026 1, a spectacular Food celebration. The event features expert talks, interactive sessions, cultural performances, and plenty of opportunities for photography and exploration.",NGO,Arjun Thang,,,NULL,24.1623,94.4339,16-07-2025,21-07-2025,08:00 Ayuk,05:00 Nungthil,5,Monsoon,18787,Yes,1000,58439,39414,Above 18,Everyone,No,Yes,No,No,Yes,Completed,https://example.com/event28.jpg,06-01-2025,23-09-2026
EV105,MP030,Loktak Expo 2024,Festival,thoubal,Amphitheatre,"This Festival event at Amphitheatre is a must-attend for anyone visiting Manipur. Loktak Expo 2024 offers a unique blend of tradition and modernity with live performances, workshops, and networking opportunities for tourists and locals alike.",District Administration,Raj Rao,-227579,info@loktakexpo202422@gmail.com,NULL,25.4523,94.3257,14-06-2025,19-06-2025,11:00 Ayuk,06:00 Nungthil,5,Summer,7757,No,1000,56015,48025,Above 12,"Families, Senior Citizens",No,Yes,No,No,Yes,Cancelled,https://example.com/event5.jpg,10-08-2024,01-06-2026
EV046,MP017,Dzuko Concert 2026,Adventure,Kamjong,Amphitheatre,"Join us at Amphitheatre for Dzuko Concert 2026, a spectacular Adventure celebration. The event features expert talks, interactive sessions, cultural performances, and plenty of opportunities for photography and exploration.",University,Raj Gupta,-920975,info@dzukoconcert2026.org,https://www.dzukoconcert2026.com,25.0933,93.7542,16-12-2026,23-12-2026,10:00 Ayuk,10:00 Nungthil,7,Winter,41025,No,50,82050,41083,Above 18,"Students, Tourists, Researchers",Yes,No,No,Yes,Yes,Completed,https://example.com/event46.jpg,09-08-2024,19-08-2026
EV022,MP012,Dzuko Tournament 2025,Conference,Imphal East,Meeting Hall,"This Conference event at Meeting Hall is a must-attend for anyone visiting Manipur. Dzuko Tournament 2025 offers a unique blend of tradition and modernity with live performances, workshops, and networking opportunities for tourists and locals alike.",District Administration,Raj Thang,-778953,info@dzukotournament2025.org,https://www.dzukotournament2025.com,24.075,94.1755,21-02-2025,02-03-2025,08:00 Ayuk,05:00 Nungthil,9,Winter,14663,Yes,100,29326,15135,None,Everyone,Yes,No,Yes,Yes,No,Postponed,https://example.com/event22.jpg,23-06-2024,03-09-2026
EV004,MP027,Kangla Expo 2025,Handicraft,Tengnoupal,Amphitheatre,"This Handicraft event at Amphitheatre is a must-attend for anyone visiting Manipur. Kangla Expo 2025 offers a unique blend of tradition and modernity with live performances, workshops, and networking opportunities for tourists and locals alike.",Adventure Club,Usham Kumar,-158016,info@kanglaexpo2025.com,https://www.kanglaexpo2025.com,24.856,93.3437,13-09-2024,21-09-2024,10:00 Ayuk,10:00 Nungthil,8,Monsoon,10702,No,1000,44259,33332,None,"Adventure Lovers, Photographers",No,Yes,No,Yes,No,Completed,https://example.com/event4.jpg,17-02-2023,23-03-2025
EV094,MP013,Orange Workshop 2024,Food,Jiribam,Open Field,"A grand Food event celebrating the rich cultural heritage of Manipur. Orange Workshop 2024 features traditional performances, workshops, and exhibitions. Visitors can enjoy local cuisine, crafts, and interactive activities. The event attracts tourists from across the country.",Peace Foundation,Raj Shimray,-490102,info@jbegd,https://www.orangeworkshop2024.com,24.0821,93.1636,18-03-2025,28-03-2025,11:00 Ayuk,05:00 Nungthil,10,Spring,10478,Yes,500,66374,55744,None,"Researchers, Students",No,No,Yes,No,Yes,Upcoming,https://example.com/event94.jpg,12-09-2025,03-12-2025
EV020,MP031,Classical Utsav 2025,Adventure,Noney,Meeting Hall,"This Adventure event at Meeting Hall is a must-attend for anyone visiting Manipur. Classical Utsav 2025 offers a unique blend of tradition and modernity with live performances, workshops, and networking opportunities for tourists and locals alike.",Manipur Tourism Department,Wungnao Devi,-635223,info@classicalutsav202594@gmail.com,https://www.classicalutsav2025.com,24.1009,93.5203,08-02-2024,09-02-2024,10:00 Ayuk,05:00 Nungthil,1,Winter,6181,Yes,1000,24810,18550,None,"Students, Tourists, Researchers",No,No,Yes,No,No,Upcoming,https://example.com/event20.jpg,13-04-2025,15-11-2026
EV051,MP069,Tharon Symposium 2026,Adventure,Senapati,Cultural Hall,"A grand Adventure event celebrating the rich cultural heritage of Manipur. Tharon Symposium 2026 features traditional performances, workshops, and exhibitions. Visitors can enjoy local cuisine, crafts, and interactive activities. The event attracts tourists from across the country.",Manipur Tourism Department,Usham Singha,-368121,info@tharonsymposium20269@manipur.in,https://www.tharonsymposium2026.com,24.8641,94.3952,17-10-2025,23-10-2025,09:00 Ayuk,09:00 Nungthil,6,Autumn,1732,No,200,33942,32350,None,"Researchers, Students",Yes,Yes,No,No,No,Completed,https://example.com/event51.jpg,07-01-2025,05-07-2026
EV063,MP021,Sangai Conference 2025,Wildlife,Pherzawl,Main Ground,"A grand Wildlife event celebrating the rich cultural heritage of Manipur. Sangai Conference 2025 features traditional performances, workshops, and exhibitions. Visitors can enjoy local cuisine, crafts, and interactive activities. The event attracts tourists from across the country.",Manipur Cultural Academy,Krishna Rao,,,NULL,25.0833,93.8641,07-07-2026,17-07-2026,08:00 Ayuk,06:00 Nungthil,10,Monsoon,18436,Yes,50,50568,32127,Above 12,"Adventure Lovers, Photographers",No,Yes,No,Yes,No,Cancelled,https://example.com/event63.jpg,04-04-2025,20-07-2026
EV056,MP015,Shirui Mela 2025,Adventure,Imphal East,Amphitheatre,"A grand Adventure event celebrating the rich cultural heritage of Manipur. Shirui Mela 2025 features traditional performances, workshops, and exhibitions. Visitors can enjoy local cuisine, crafts, and interactive activities. The event attracts tourists from across the country.",Wildlife Institute of India,Arjun Singh,-862430,info@agcij,https://www.shiruimela2025.com,24.6001,93.3106,09-08-2025,16-08-2025,11:00 Ayuk,09:00 Nungthil,7,Monsoon,38833,Yes,50,77666,38916,Above 18,"Adventure Lovers, Photographers",Yes,No,Yes,Yes,No,Completed,https://example.com/event56.jpg,01-10-2023,21-03-2025
EV045,MP064,Adventure Fair 2026,Dance,IMPHAL EAST,Cultural Hall,"A grand Dance event celebrating the rich cultural heritage of Manipur. Adventure Fair 2026 features traditional performances, workshops, and exhibitions. Visitors can enjoy local cuisine, crafts, and interactive activities. The event attracts tourists from across the country.",Peace Foundation,Arjun Ningombam,-979664,info@dvzhd,https://www.adventurefair2026.com,24.3896,94.0971,20-12-2025,23-12-2025,06:00 Nungthil,09:00 Nungthil,3,Winter,4775,Yes,500,94102,88963,Above 18,Everyone,No,Yes,Yes,Yes,No,Ongoing,https://example.com/event45.jpg,04-09-2024,11-07-2025
EV078,MP028,Classical Carnival 2025,Conference,Noney,Open Field,"Join us at Open Field for Classical Carnival 2025, a spectacular Conference celebration. The event features expert talks, interactive sessions, cultural performances, and plenty of opportunities for photography and exploration.",Manipur Cultural Academy,Priya Singh,-376167,info@nbklp,https://www.classicalcarnival2025.com,25.0898,93.0404,24-12-2026,30-12-2026,11:00 Ayuk,08:00 Nungthil,6,Winter,5385,No,500,17208,11862,Above 18,Everyone,Yes,No,Yes,Yes,Yes,Upcoming,https://example.com/event78.jpg,15-02-2024,06-12-2025
EV100,MP042,Eco Tournament 2024,Festival,Churachandpur,Main Ground,"This Festival event at Main Ground is a must-attend for anyone visiting Manipur. Eco Tournament 2024 offers a unique blend of tradition and modernity with live performances, workshops, and networking opportunities for tourists and locals alike.",Adventure Club,Arjun Devi,-935350,info@ullcn,https://www.ecotournament2024.com,24.6116,93.4577,02-07-2024,03-07-2024,06:00 Nungthil,08:00 Nungthil,1,Monsoon,12463,No,200,92285,79840,Above 21,"Tourists, Photographers",Yes,No,No,No,Yes,Postponed,https://example.com/event100.jpg,14-02-2024,15-12-2026
EV049,MP019,Classical Carnival 2024 1,Exhibition,Churachandpur,Cultural Hall,"A grand Exhibition event celebrating the rich cultural heritage of Manipur. Classical Carnival 2024 1 features traditional performances, workshops, and exhibitions. Visitors can enjoy local cuisine, crafts, and interactive activities. The event attracts tourists from across the country.",Manipur Cultural Academy,Leima Devi,-488876,info@classicalcarnival2024127@festival.com,https://www.classicalcarnival20241.com,24.8451,94.0101,10-08-2024,17-08-2024,10:00 Ayuk,06:00 Nungthil,7,Monsoon,23453,Yes,1000,46906,23915,None,Everyone,Yes,Yes,Yes,No,No,Postponed,https://example.com/event49.jpg,08-06-2024,13-08-2026
EV095,MP043, Ras Leela Utsav 2026,Sports,Pherzawl,Open Field,"Join us at Open Field for Ras Leela Utsav 2026, a spectacular Sports celebration. The event features expert talks, interactive sessions, cultural performances, and plenty of opportunities for photography and exploration. ",Private Organizer,Usham Gupta,-759246,info@rasleelautsav2026.com,https://www.rasleelautsav2026.com,24.4753,94.3312,16-09-2024,17-09-2024,06:00 Nungthil,09:00 Nungthil,1,Monsoon,9304,No,0,18608,9207,Above 18,"Students, Tourists, Researchers",Yes,No,Yes,Yes,Yes,Upcoming,https://example.com/event95.jpg,02-12-2024,04-01-2026
EV072,MP035,Tamenglong Utsav 2025,Dance,Chandel,Main Ground,"Join us at Main Ground for Tamenglong Utsav 2025, a spectacular Dance celebration. The event features expert talks, interactive sessions, cultural performances, and plenty of opportunities for photography and exploration.",Manipur Handloom Board,Meena Shimray,-456031,info@yfvxo,NULL,25.174,93.754,09-01-2025,08-01-2025,09:00 Ayuk,06:00 Nungthil,1,Winter,16089,No,50,77025,61059,Above 18,"Researchers, Students",No,Yes,No,No,No,Ongoing,https://example.com/event72.jpg,23-12-2024,21-01-2026
EV042,MP001,Ras Leela Camp 2024,Photography,Chandel,Amphitheatre,"Ras Leela Camp 2024 is a premier Photography event organized to promote tourism in Manipur. The festival includes cultural shows, adventure activities, and food stalls. It provides a platform for local artisans and performers to showcase their talents.",Local Cultural Committee,Wungnao Gupta,-698514,info@rasleelacamp2024.com,https://www.rasleelacamp2024.com,24.319,93.8325,04-05-2025,08-05-2025,09:00 Ayuk,05:00 Nungthil,4,Summer,32761,Yes,0,65522,32596,Above 18,"Families, Senior Citizens",No,No,No,No,Yes,Ongoing,https://example.com/event42.jpg,15-04-2023,03-08-2025
EV014,MP011,Adventure Expo 2026,Eco Tourism,Kamjong,Meeting Hall,"Adventure Expo 2026 is a premier Eco Tourism event organized to promote tourism in Manipur. The festival includes cultural shows, adventure activities, and food stalls. It provides a platform for local artisans and performers to showcase their talents.",Wildlife Institute of India,Arjun Kumar,-278035,info@adventureexpo202681@festival.com,NULL,24.5437,93.532,18-08-2024,24-08-2024,10:00 Ayuk,08:00 Nungthil,6,Monsoon,5935,Yes,500,11870,6316,Above 18,Everyone,No,Yes,No,No,Yes,Upcoming,https://example.com/event14.jpg,01-06-2025,04-01-2026
EV085,MP043,Shirui Concert 2024,Photography,kangpokpi,Open Field,"A grand Photography event celebrating the rich cultural heritage of Manipur. Shirui Concert 2024 features traditional performances, workshops, and exhibitions. Visitors can enjoy local cuisine, crafts, and interactive activities. The event attracts tourists from across the country.",Adventure Club,Priya Sharma,-339306,info@shiruiconcert202471@tourism.in,https://www.shiruiconcert2024.com,24.9176,94.226,04-09-2026,10-09-2026,10:00 Ayuk,06:00 Nungthil,6,Monsoon,5045,Yes,1000,23671,18780,Above 12,"Families, Senior Citizens",No,No,No,No,No,Postponed,https://example.com/event85.jpg,16-02-2023,16-12-2026
EV104,MP027,Kangla Expo 2025,Handicraft,Tengnoupal,Amphitheatre,"This Handicraft event at Amphitheatre is a must-attend for anyone visiting Manipur. Kangla Expo 2025 offers a unique blend of tradition and modernity with live performances, workshops, and networking opportunities for tourists and locals alike.",Adventure Club,Usham Kumar,-158016,info@kanglaexpo2025.com,https://www.kanglaexpo2025.com,24.856,93.3437,13-09-2024,21-09-2024,10:00 Ayuk,10:00 Nungthil,8,Monsoon,10702,No,1000,44259,33332,None,"Adventure Lovers, Photographers",No,Yes,No,Yes,No,Completed,https://example.com/event4.jpg,17-02-2023,23-03-2025
EV043,MP006,Dzuko Workshop 2025,Sports,Imphal West,Open Field,"A grand Sports event celebrating the rich cultural heritage of Manipur. Dzuko Workshop 2025 features traditional performances, workshops, and exhibitions. Visitors can enjoy local cuisine, crafts, and interactive activities. The event attracts tourists from across the country.",Manipur Cultural Academy,Raj Shimray,,,NULL,24.3107,93.9273,16-09-2026,18-09-2026,10:00 Ayuk,10:00 Nungthil,2,Monsoon,13646,No,1000,27292,13622,Above 12,"Researchers, Students",Yes,Yes,No,Yes,Yes,Cancelled,https://example.com/event43.jpg,17-03-2024,24-04-2026
EV058,MP067,Tharon Festival 2025,Handicraft,Senapati,Meeting Hall,"A grand Handicraft event celebrating the rich cultural heritage of Manipur. Tharon Festival 2025 features traditional performances, workshops, and exhibitions. Visitors can enjoy local cuisine, crafts, and interactive activities. The event attracts tourists from across the country.",District Administration,Wungnao Sharma,-239618,info@tharonfestival202589@festival.com,https://www.tharonfestival2025.com,24.5168,93.1066,07-04-2026,10-04-2026,09:00 Ayuk,10:00 Nungthil,3,Spring,404,Yes,500,85436,85007,None,Everyone,No,No,No,No,Yes,Ongoing,https://example.com/event58.jpg,05-08-2025,24-05-2026
EV098,MP027,Andro Symposium 2026,Handicraft,Ukhrul,Main Ground,"This Handicraft event at Main Ground is a must-attend for anyone visiting Manipur. Andro Symposium 2026 offers a unique blend of tradition and modernity with live performances, workshops, and networking opportunities for tourists and locals alike.",Manipur Handloom Board,Wungnao Sharma,-179432,info@androsymposium202626@yahoo.com,NULL,25.3452,93.8957,15-07-2026,24-07-2026,09:00 Ayuk,05:00 Nungthil,9,Monsoon,16130,No,50,55310,39224,Above 12,Everyone,Yes,Yes,No,Yes,Yes,Postponed,https://example.com/event98.jpg,25-12-2023,25-07-2025
EV073,MP021,Manipur Summit 2024 1,Music,Jiribam,Main Ground,"Join us at Main Ground for Manipur Summit 2024 1, a spectacular Music celebration. The event features expert talks, interactive sessions, cultural performances, and plenty of opportunities for photography and exploration.",Peace Foundation,Krishna Devi,-1006048,info@muoqo,NULL,24.0496,94.1866,23-07-2024,27-07-2024,06:00 Nungthil,08:00 Nungthil,4,Monsoon,13347,Yes,50,26694,13748,None,"Researchers, Students",Yes,Yes,No,Yes,Yes,Completed,https://example.com/event73.jpg,22-05-2024,13-08-2026
EV092,MP006,Tamenglong Workshop 2026,Cultural,Kakching,Community Centre,"Join us at Community Centre for Tamenglong Workshop 2026, a spectacular Cultural celebration. The event features expert talks, interactive sessions, cultural performances, and plenty of opportunities for photography and exploration.",University,Raj Ningombam,-865773,info@tamenglongworkshop2026.in,https://www.tamenglongworkshop2026.com,24.2551,93.2741,25-12-2025,22-12-2025,09:00 Ayuk,06:00 Nungthil,6,Winter,22605,Yes,100,78512,55869,Above 21,"Researchers, Students",Yes,Yes,Yes,No,Yes,Upcoming,https://example.com/event92.jpg,18-08-2025,13-08-2026
EV023,MP054,Khongjom Exhibition 2024,Food,Pherzawl,Community Centre,"Khongjom Exhibition 2024 is a premier Food event organized to promote tourism in Manipur. The festival includes cultural shows, adventure activities, and food stalls. It provides a platform for local artisans and performers to showcase their talents.",Peace Foundation,Usham Gupta,,,NULL,24.378,93.5623,18-04-2024,25-04-2024,08:00 Ayuk,05:00 Nungthil,7,Spring,2578,No,1000,56421,54021,Above 12,"Adventure Lovers, Photographers",No,No,No,No,No,Ongoing,https://example.com/event23.jpg,23-11-2024,23-08-2026
EV101,MP008,Heritage Symposium 2026,Music,Ukhrul,Cultural Hall,"A grand Music event celebrating the rich cultural heritage of Manipur. Heritage Symposium 2026 features traditional performances, workshops, and exhibitions. Visitors can enjoy local cuisine, crafts, and interactive activities. The event attracts tourists from across the country.",Manipur Tourism Department,Meena Devi,-158861,info@heritagesymposium202687@event.org,https://www.heritagesymposium2026.com,24.315,94.3677,24-07-2025,01-08-2025,06:00 Nungthil,10:00 Nungthil,8,Monsoon,24825,Yes,0,60212,34995,None,"Tourists, Photographers",Yes,No,No,Yes,No,Ongoing,https://example.com/event1.jpg,12-04-2024,04-04-2026
EV091,MP010,Tamenglong Fair 2024,Cultural,Chandel,Main Ground,"Join us at Main Ground for Tamenglong Fair 2024, a spectacular Cultural celebration. The event features expert talks, interactive sessions, cultural performances, and plenty of opportunities for photography and exploration.",University,Priya Thang,-488074,info@tamenglongfair2024.org,https://www.tamenglongfair2024.com,24.7662,93.2317,22-12-2025,30-12-2025,10:00 Ayuk,06:00 Nungthil,8,Winter,5711,Yes,1000,78341,72499,Above 18,"Tourists, Photographers",Yes,Yes,No,Yes,No,Upcoming,https://example.com/event91.jpg,08-08-2025,07-04-2025
EV016,MP034,Classical Concert 2025,Adventure,Kamjong,Cultural Hall,"A grand Adventure event celebrating the rich cultural heritage of Manipur. Classical Concert 2025 features traditional performances, workshops, and exhibitions. Visitors can enjoy local cuisine, crafts, and interactive activities. The event attracts tourists from across the country.",Manipur Tourism Department,Raj Singh,-401643,info@fcmaw,NULL,25.3994,93.9214,11-09-2026,14-09-2026,08:00 Ayuk,05:00 Nungthil,3,Monsoon,11997,Yes,50,23994,11961,Above 21,"Families, Senior Citizens",Yes,Yes,Yes,Yes,No,Cancelled,https://example.com/event16.jpg,24-02-2024,08-02-2025
EV096,MP004,Classical Expo 2025,Festival,Kangpokpi,Cultural Hall,"Join us at Cultural Hall for Classical Expo 2025, a spectacular Festival celebration. The event features expert talks, interactive sessions, cultural performances, and plenty of opportunities for photography and exploration.",Wildlife Institute of India,Leima Devi,-431984,info@kyigp,https://www.classicalexpo2025.com,24.584,94.4122,03-02-2024,10-02-2024,10:00 Ayuk,05:00 Nungthil,7,Winter,12409,No,1000,24818,12901,Above 18,"Adventure Lovers, Photographers",No,Yes,Yes,Yes,No,Postponed,https://example.com/event96.jpg,09-11-2025,04-06-2025
EV039,MP007,Food Fair 2024,Food,Bishnupur,Open Field,"Join us at Open Field for Food Fair 2024, a spectacular Food celebration. The event features expert talks, interactive sessions, cultural performances, and plenty of opportunities for photography and exploration.",District Administration,Raj Thang,-696370,info@xlobs,NULL,24.087,93.717,18-01-2025,26-01-2025,09:00 Ayuk,08:00 Nungthil,8,Winter,25315,No,500,50630,25343,None,"Children, Families, Tourists",Yes,Yes,Yes,No,Yes,Cancelled,https://example.com/event39.jpg,18-12-2025,07-02-2026
EV017,MP008,Tharon Conference 2026,music,Kakching,Cultural Hall,"This Music event at Cultural Hall is a must-attend for anyone visiting Manipur. Tharon Conference 2026 offers a unique blend of tradition and modernity with live performances, workshops, and networking opportunities for tourists and locals alike.",Adventure Club,Krishna Sharma,-991619,info@tharonconference202633@festival.com,https://www.tharonconference2026.com,24.7708,94.4128,01-02-2024,05-02-2024,09:00 Ayuk,09:00 Nungthil,4,Winter,14232,Yes,500,65518,51024,Above 18,Everyone,Yes,Yes,Yes,Yes,Yes,Completed,https://example.com/event17.jpg,04-05-2023,11-11-2026
EV068,MP007,Classical Carnival 2026,Adventure,Ukhrul,Amphitheatre,"A grand Adventure event celebrating the rich cultural heritage of Manipur. Classical Carnival 2026 features traditional performances, workshops, and exhibitions. Visitors can enjoy local cuisine, crafts, and interactive activities. The event attracts tourists from across the country.",NGO,Usham Devi,,,NULL,24.5465,94.4688,24-12-2025,26-12-2025,08:00 Ayuk,06:00 Nungthil,2,Winter,15150,Yes,100,30300,15339,None,"Adventure Lovers, Photographers",No,No,No,Yes,Yes,Ongoing,https://example.com/event68.jpg,22-11-2023,08-02-2026
EV054,MP046,Kangla Exhibition 2024,Cultural,Imphal West,Amphitheatre,"This Cultural event at Amphitheatre is a must-attend for anyone visiting Manipur. Kangla Exhibition 2024 offers a unique blend of tradition and modernity with live performances, workshops, and networking opportunities for tourists and locals alike.",Adventure Club,Krishna Ningombam,-352049,info@kanglaexhibition202496@event.org,https://www.kanglaexhibition2024.com,24.808,93.1679,12-07-2025,15-07-2025,10:00 Ayuk,08:00 Nungthil,3,Monsoon,1323,No,0,56305,54771,None,"Families, Senior Citizens",No,Yes,Yes,No,Yes,Completed,https://example.com/event54.jpg,19-10-2024,23-08-2025
EV053,MP039,Ras Leela Performance 2026,Photography,Ukhrul,Main Ground,"A grand Photography event celebrating the rich cultural heritage of Manipur. Ras Leela Performance 2026 features traditional performances, workshops, and exhibitions. Visitors can enjoy local cuisine, crafts, and interactive activities. The event attracts tourists from across the country.",Manipur Tourism Department,Meena Kumar,-811227,info@rasleelaperformance202662@tourism.in,https://www.rasleelaperformance2026.com,24.4871,93.1816,15-08-2026,21-08-2026,06:00 Nungthil,06:00 Nungthil,6,Monsoon,7050,No,100,16431,8903,Above 12,Everyone,No,No,No,Yes,Yes,Upcoming,https://example.com/event53.jpg,07-10-2024,05-10-2025
EV036,MP020,Shirui Walk 2026 1,Eco Tourism,Ukhrul,Amphitheatre,"This Eco Tourism event at Amphitheatre is a must-attend for anyone visiting Manipur. Shirui Walk 2026 1 offers a unique blend of tradition and modernity with live performances, workshops, and networking opportunities for tourists and locals alike.",Private Organizer,Leima Ningombam,-770075,info@kctim,https://www.shiruiwalk20261.com,25.2941,93.9653,02-06-2025,06-06-2025,08:00 Ayuk,09:00 Nungthil,4,Summer,27037,No,0,62197,34988,Above 18,"Families, Senior Citizens",No,Yes,Yes,Yes,Yes,Ongoing,https://example.com/event36.jpg,12-02-2023,17-07-2026
EV065,MP002,Adventure Conference 2025,Music,TENGNOUPAL,Open Field,"This Music event at Open Field is a must-attend for anyone visiting Manipur. Adventure Conference 2025 offers a unique blend of tradition and modernity with live performances, workshops, and networking opportunities for tourists and locals alike.",Local Cultural Committee,Raj Thang,-421377,info@adventureconference2025.com,https://www.adventureconference2025.com,24.7307,94.0205,09-06-2025,12-06-2025,06:00 Nungthil,10:00 Nungthil,3,Summer,6507,Yes,0,79370,72733,Above 12,"Children, Families, Tourists",Yes,Yes,Yes,Yes,No,Upcoming,https://example.com/event65.jpg,08-08-2025,07-01-2026
EV067,MP025,Keibul Carnival 2025,Dance,Tamenglong,Amphitheatre,"A grand Dance event celebrating the rich cultural heritage of Manipur. Keibul Carnival 2025 features traditional performances, workshops, and exhibitions. Visitors can enjoy local cuisine, crafts, and interactive activities. The event attracts tourists from across the country.",Peace Foundation,Krishna Kumar,-10651,info@keibulcarnival202579@event.org,https://www.keibulcarnival2025.com,24.4257,94.0216,05-03-2024,15-03-2024,08:00 Ayuk,08:00 Nungthil,10,Spring,13175,Yes,1000,63305,50395,None,"Researchers, Students",No,Yes,Yes,No,No,Completed,https://example.com/event67.jpg,25-05-2023,01-11-2025
EV030,MP036,Keibul Summit 2024,Food,Imphal West,Main Ground,"This Food event at Main Ground is a must-attend for anyone visiting Manipur. Keibul Summit 2024 offers a unique blend of tradition and modernity with live performances, workshops, and networking opportunities for tourists and locals alike.",Private Organizer,Raj Sharma,-215134,info@ldwb,https://www.keibulsummit2024.com,25.4734,93.9604,02-12-2024,06-12-2024,08:00 Ayuk,08:00 Nungthil,4,Winter,9178,No,100,34928,25740,Above 18,"Adventure Lovers, Photographers",Yes,No,Yes,Yes,No,Ongoing,https://example.com/event30.jpg,04-01-2023,19-09-2025
EV013,MP028,Orchid Fair 2025,Exhibition,Imphal East,Community Centre,"A grand Exhibition event celebrating the rich cultural heritage of Manipur. Orchid Fair 2025 features traditional performances, workshops, and exhibitions. Visitors can enjoy local cuisine, crafts, and interactive activities. The event attracts tourists from across the country.",Manipur Cultural Academy,Leima Devi,-169066,info@orchidfair202598@tourism.in,https://www.orchidfair2025.com,24.3387,94.0281,05-05-2026,12-05-2026,08:00 Ayuk,09:00 Nungthil,7,Summer,12821,No,50,52475,39755,Above 18,"Adventure Lovers, Photographers",No,Yes,No,No,No,Postponed,https://example.com/event13.jpg,14-05-2025,10-02-2025
EV048,MP015,Dzuko Festival 2025,Adventure,Bishnupur,Amphitheatre,"Join us at Amphitheatre for Dzuko Festival 2025, a spectacular Adventure celebration. The event features expert talks, interactive sessions, cultural performances, and plenty of opportunities for photography and exploration.",Manipur Cultural Academy,Meena Shimray,,,NULL,25.0516,93.4031,16-01-2024,20-01-2024,10:00 Ayuk,06:00 Nungthil,4,Winter,38965,Yes,0,77930,38799,Above 21,"Children, Families, Tourists",Yes,Yes,No,Yes,No,Cancelled,https://example.com/event48.jpg,19-04-2023,20-06-2026
EV059,MP011,Wildlife Walk 2026,Handicraft,Thoubal,Cultural Hall,"A grand Handicraft event celebrating the rich cultural heritage of Manipur. Wildlife Walk 2026 features traditional performances, workshops, and exhibitions. Visitors can enjoy local cuisine, crafts, and interactive activities. The event attracts tourists from across the country.",Manipur Cultural Academy,Raj Gupta,-299670,info@qwqqa,https://www.wildlifewalk2026.com,24.4249,94.2996,13-03-2024,18-03-2024,06:00 Nungthil,06:00 Nungthil,5,Spring,49682,No,0,99364,50076,Above 12,"Adventure Lovers, Photographers",No,Yes,Yes,No,No,Cancelled,https://example.com/event59.jpg,23-07-2025,23-06-2026
EV082,MP052,Orange Symposium 2025,Music,Imphal West,Main Ground,"Join us at Main Ground for Orange Symposium 2025, a spectacular Music celebration. The event features expert talks, interactive sessions, cultural performances, and plenty of opportunities for photography and exploration.",Manipur Handloom Board,Krishna Sharma,-942845,info@orangesymposium2025.in,https://www.orangesymposium2025.com,24.3541,93.6049,07-12-2025,17-12-2025,09:00 Ayuk,10:00 Nungthil,10,Winter,2114,No,200,46094,43948,Above 18,"Tourists, Photographers",No,No,Yes,Yes,Yes,Completed,https://example.com/event82.jpg,04-06-2025,15-06-2025
EV050,MP022,Adventure Walk 2024,Music,Thoubal,Open Field,"Adventure Walk 2024 is a premier Music event organized to promote tourism in Manipur. The festival includes cultural shows, adventure activities, and food stalls. It provides a platform for local artisans and performers to showcase their talents.",NGO,Usham Thang,-927249,info@frqv,https://www.adventurewalk2024.com,24.4499,94.4575,16-01-2025,17-01-2025,08:00 Ayuk,08:00 Nungthil,1,Winter,12562,No,100,39434,26398,Above 12,"Researchers, Students",Yes,No,Yes,No,Yes,Completed,https://example.com/event50.jpg,02-06-2025,22-11-2025
EV021,MP042,Orchid Walk 2026,Dance,Noney,Community Centre,"Orchid Walk 2026 is a premier Dance event organized to promote tourism in Manipur. The festival includes cultural shows, adventure activities, and food stalls. It provides a platform for local artisans and performers to showcase their talents.",District Administration,Usham Kumar,-494456,info@orchidwalk202644@manipur.in,https://www.orchidwalk2026.com,24.8449,94.3045,21-06-2025,30-06-2025,09:00 Ayuk,08:00 Nungthil,9,Summer,10405,No,500,91164,80587,Above 21,"Adventure Lovers, Photographers",Yes,Yes,No,Yes,No,Upcoming,https://example.com/event21.jpg,24-01-2023,03-01-2025
EV041,MP044,Dzuko Conference 2024,Adventure,Chandel,Amphitheatre,"Dzuko Conference 2024 is a premier Adventure event organized to promote tourism in Manipur. The festival includes cultural shows, adventure activities, and food stalls. It provides a platform for local artisans and performers to showcase their talents.",NGO,Wungnao Ningombam,-971022,info@mzxfr,https://www.dzukoconference2024.com,24.2187,93.7358,25-11-2026,04-12-2026,08:00 Ayuk,09:00 Nungthil,9,Autumn,16366,Yes,100,66727,49899,Above 21,Everyone,Yes,Yes,Yes,Yes,Yes,Ongoing,https://example.com/event41.jpg,17-07-2025,06-06-2025
EV062,MP045,Manipur Exhibition 2025,Wildlife,Churachandpur,Community Centre,"A grand Wildlife event celebrating the rich cultural heritage of Manipur. Manipur Exhibition 2025 features traditional performances, workshops, and exhibitions. Visitors can enjoy local cuisine, crafts, and interactive activities. The event attracts tourists from across the country.",Manipur Handloom Board,Priya Singha,-402162,info@manipurexhibition2025.in,NULL,24.7891,93.0023,11-12-2024,21-12-2024,10:00 Ayuk,10:00 Nungthil,10,Winter,7305,Yes,0,64499,56891,Above 18,Everyone,Yes,Yes,Yes,Yes,No,Cancelled,https://example.com/event62.jpg,03-04-2024,06-12-2026
EV025,MP003,Wildlife Symposium 2026,Conference,PHERZAWL,Open Field,"A grand Conference event celebrating the rich cultural heritage of Manipur. Wildlife Symposium 2026 features traditional performances, workshops, and exhibitions. Visitors can enjoy local cuisine, crafts, and interactive activities. The event attracts tourists from across the country.",Peace Foundation,Meena Kumar,-526754,info@wildlifesymposium20269@event.org,https://www.wildlifesymposium2026.com,24.6856,94.1078,06-09-2025,10-09-2025,06:00 Nungthil,09:00 Nungthil,4,Monsoon,35287,Yes,500,70574,34843,Above 21,"Students, Tourists, Researchers",No,Yes,Yes,No,Yes,Completed,https://example.com/event25.jpg,13-11-2025,01-12-2025
EV027,MP032,Heritage Conference 2024,Music,Noney,Cultural Hall,"This Music event at Cultural Hall is a must-attend for anyone visiting Manipur. Heritage Conference 2024 offers a unique blend of tradition and modernity with live performances, workshops, and networking opportunities for tourists and locals alike.",Peace Foundation,Krishna Singha,-4755,info@heritageconference2024.in,https://www.heritageconference2024.com,25.4614,93.0681,18-06-2025,27-06-2025,10:00 Ayuk,06:00 Nungthil,9,Summer,10941,No,1000,93225,82623,Above 12,"Families, Senior Citizens",No,Yes,Yes,No,No,Ongoing,https://example.com/event27.jpg,05-11-2024,18-07-2025
EV031,MP038,Sangai Expo 2026,Music,Senapati,Main Ground,"This Music event at Main Ground is a must-attend for anyone visiting Manipur. Sangai Expo 2026 offers a unique blend of tradition and modernity with live performances, workshops, and networking opportunities for tourists and locals alike.",Manipur Handloom Board,Meena Rao,-136748,info@sangaiexpo202610@event.org,https://www.sangaiexpo2026.com,24.0621,93.0782,07-06-2026,14-06-2026,10:00 Ayuk,05:00 Nungthil,7,Summer,18761,No,100,37522,18549,None,"Children, Families, Tourists",No,Yes,No,No,Yes,Ongoing,https://example.com/event31.jpg,09-03-2023,11-03-2025
EV090,MP020,Orchid Festival 2025,Conference,Chandel,Community Centre,"This Conference event at Community Centre is a must-attend for anyone visiting Manipur. Orchid Festival 2025 offers a unique blend of tradition and modernity with live performances, workshops, and networking opportunities for tourists and locals alike.",Manipur Cultural Academy,Raj Shimray,-223251,info@coqu,https://www.orchidfestival2025.com,24.7225,94.1521,07-04-2024,12-04-2024,11:00 Ayuk,10:00 Nungthil,5,Spring,45017,Yes,500,90034,45382,Above 18,"Families, Senior Citizens",Yes,No,Yes,No,Yes,Postponed,https://example.com/event90.jpg,06-06-2024,11-04-2026
EV005,MP030,Loktak Expo 2024,Festival,thoubal,Amphitheatre,"This Festival event at Amphitheatre is a must-attend for anyone visiting Manipur. Loktak Expo 2024 offers a unique blend of tradition and modernity with live performances, workshops, and networking opportunities for tourists and locals alike.",District Administration,Raj Rao,-227579,info@loktakexpo202422@gmail.com,NULL,25.4523,94.3257,14-06-2025,19-06-2025,11:00 Ayuk,06:00 Nungthil,5,Summer,7757,No,1000,56015,48025,Above 12,"Families, Senior Citizens",No,Yes,No,No,Yes,Cancelled,https://example.com/event5.jpg,10-08-2024,01-06-2026
EV044,MP010,Heritage Tournament 2025,Workshop,Tamenglong,Community Centre,"Join us at Community Centre for Heritage Tournament 2025, a spectacular Workshop celebration. The event features expert talks, interactive sessions, cultural performances, and plenty of opportunities for photography and exploration.",Wildlife Institute of India,Arjun Shimray,-892816,info@heritagetournament2025.in,https://www.heritagetournament2025.com,25.3061,93.1269,12-10-2026,21-10-2026,09:00 Ayuk,10:00 Nungthil,9,Autumn,30739,Yes,100,67109,35989,Above 21,"Children, Families, Tourists",Yes,No,Yes,Yes,No,Upcoming,https://example.com/event44.jpg,11-11-2023,15-12-2026
EV002,MP023,Orchid Fair 2026,Workshop,Senapati,Meeting Hall,"Join us at Meeting Hall for Orchid Fair 2026, a spectacular Workshop celebration. The event features expert talks, interactive sessions, cultural performances, and plenty of opportunities for photography and exploration.",Peace Foundation,Krishna Sharma,-874569,info@orchidfair2026.in,https://www.orchidfair2026.com,25.4659,94.0363,14-06-2025,22-06-2025,08:00 Ayuk,10:00 Nungthil,8,Summer,7744,No,500,25110,16926,Above 12,"Adventure Lovers, Photographers",Yes,No,Yes,No,No,Postponed,https://example.com/event2.jpg,16-02-2025,22-07-2025
EV079,MP049,Andro Conference 2025,Conference,Pherzawl,Meeting Hall,"Andro Conference 2025 is a premier Conference event organized to promote tourism in Manipur. The festival includes cultural shows, adventure activities, and food stalls. It provides a platform for local artisans and performers to showcase their talents.",Manipur Handloom Board,Raj Sharma,-588203,info@androconference2025.org,NULL,25.3527,93.3428,20-07-2025,29-07-2025,06:00 Nungthil,09:00 Nungthil,9,Monsoon,16110,Yes,100,60982,45068,Above 12,"Researchers, Students",Yes,No,No,No,No,Postponed,https://example.com/event79.jpg,25-11-2024,22-11-2026
EV047,MP055,Orange Camp 2024,Eco Tourism,Senapati,Open Field,"This Eco Tourism event at Open Field is a must-attend for anyone visiting Manipur. Orange Camp 2024 offers a unique blend of tradition and modernity with live performances, workshops, and networking opportunities for tourists and locals alike.",Manipur Cultural Academy,Wungnao Singha,-4373,info@orangecamp202494@festival.com,https://www.orangecamp2024.com,25.3508,93.3215,02-04-2026,05-04-2026,06:00 Nungthil,08:00 Nungthil,3,Spring,141,No,200,24457,24657,Above 21,"Children, Families, Tourists",No,No,No,Yes,Yes,Completed,https://example.com/event47.jpg,02-08-2025,09-12-2026
EV018,MP051,Manipur Expo 2026,Conference,Kangpokpi,Cultural Hall,"Join us at Cultural Hall for Manipur Expo 2026, a spectacular Conference celebration. The event features expert talks, interactive sessions, cultural performances, and plenty of opportunities for photography and exploration.",Local Cultural Committee,Raj Singha,-368721,info@avbza,NULL,24.5547,93.7388,06-05-2026,08-05-2026,08:00 Ayuk,08:00 Nungthil,2,Summer,1550,Yes,200,76278,74613,None,Everyone,No,Yes,Yes,Yes,No,Postponed,https://example.com/event18.jpg,07-07-2024,09-08-2025
EV007,MP019,Heritage Camp 2025,Food,Senapati,Main Ground,"This Food event at Main Ground is a must-attend for anyone visiting Manipur. Heritage Camp 2025 offers a unique blend of tradition and modernity with live performances, workshops, and networking opportunities for tourists and locals alike.",Manipur Handloom Board,Wungnao Rao,-5383,info@heritagecamp2025.in,https://www.heritagecamp2025.com,24.44,93.6625,13-08-2025,15-08-2025,11:00 Ayuk,06:00 Nungthil,2,Monsoon,39132,No,0,78264,38909,None,"Students, Tourists, Researchers",Yes,No,No,Yes,No,Upcoming,https://example.com/event7.jpg,04-09-2024,04-02-2025
EV033,MP014,Dzuko Trek 2025,Adventure,Senapati,Community Centre,"Join us at Community Centre for Dzuko Trek 2025, a spectacular Adventure celebration. The event features expert talks, interactive sessions, cultural performances, and plenty of opportunities for photography and exploration.",Manipur Handloom Board,Arjun Shimray,-841911,info@wroke,https://www.dzukotrek2025.com,24.0806,94.0706,17-09-2026,18-09-2026,09:00 Ayuk,05:00 Nungthil,1,Monsoon,11964,No,200,40087,28363,Above 12,"Researchers, Students",No,Yes,Yes,Yes,Yes,Ongoing,https://example.com/event33.jpg,05-01-2023,13-06-2026
EV034,MP005,Wildlife Mela 2025,Conference,Tamenglong,Meeting Hall,"This Conference event at Meeting Hall is a must-attend for anyone visiting Manipur. Wildlife Mela 2025 offers a unique blend of tradition and modernity with live performances, workshops, and networking opportunities for tourists and locals alike.",Manipur Cultural Academy,Meena Gupta,-983323,info@kcyev,https://www.wildlifemela2025.com,25.0813,93.6536,06-07-2025,07-07-2025,08:00 Ayuk,09:00 Nungthil,1,Monsoon,36252,Yes,100,72504,36683,Above 21,"Students, Tourists, Researchers",Yes,No,No,Yes,Yes,Postponed,https://example.com/event34.jpg,09-01-2024,12-03-2025
EV061,MP047,Keibul Tournament 2026,Wildlife,Imphal West,Main Ground,"A grand Wildlife event celebrating the rich cultural heritage of Manipur. Keibul Tournament 2026 features traditional performances, workshops, and exhibitions. Visitors can enjoy local cuisine, crafts, and interactive activities. The event attracts tourists from across the country.",University,Raj Singh,-589066,info@keibultournament2026.com,NULL,25.0144,94.3663,14-01-2025,18-01-2025,08:00 Ayuk,08:00 Nungthil,4,Winter,12825,No,100,83635,71165,Above 18,"Students, Tourists, Researchers",No,No,No,Yes,Yes,Completed,https://example.com/event61.jpg,04-09-2023,24-12-2026
EV071,MP003,Classical Walk 2025,Sports,Imphal West,Community Centre,"This Sports event at Community Centre is a must-attend for anyone visiting Manipur. Classical Walk 2025 offers a unique blend of tradition and modernity with live performances, workshops, and networking opportunities for tourists and locals alike.",University,Leima Ningombam,-881291,info@classicalwalk2025.in,NULL,24.6411,94.0025,21-02-2025,23-02-2025,11:00 Ayuk,10:00 Nungthil,2,Winter,36774,No,100,73548,37116,Above 18,"Families, Senior Citizens",Yes,Yes,No,No,No,Ongoing,https://example.com/event71.jpg,01-03-2024,20-01-2026
EV080,MP006,Eco Trek 2024,Exhibition,Tamenglong,Community Centre,"A grand Exhibition event celebrating the rich cultural heritage of Manipur. Eco Trek 2024 features traditional performances, workshops, and exhibitions. Visitors can enjoy local cuisine, crafts, and interactive activities. The event attracts tourists from across the country.",Manipur Cultural Academy,Krishna Ningombam,-479972,info@ecotrek202449@gmail.com,https://www.ecotrek2024.com,25.4649,94.4297,02-02-2024,11-02-2024,08:00 Ayuk,10:00 Nungthil,9,Winter,22598,No,100,45196,23030,Above 12,"Students, Tourists, Researchers",No,No,Yes,No,No,Postponed,https://example.com/event80.jpg,01-07-2023,07-02-2026
EV077,MP017,Tharon Walk 2024,festival,Tamenglong,Meeting Hall,"Join us at Meeting Hall for Tharon Walk 2024, a spectacular Festival celebration. The event features expert talks, interactive sessions, cultural performances, and plenty of opportunities for photography and exploration.",District Administration,Usham Kumar,-682384,info@tharonwalk2024.org,NULL,24.3556,93.4419,05-10-2024,13-10-2024,06:00 Nungthil,05:00 Nungthil,8,Autumn,28906,Yes,1000,97383,68051,Above 12,Everyone,Yes,No,Yes,No,Yes,Ongoing,https://example.com/event77.jpg,19-07-2024,15-07-2026
EV093,MP046,Dzuko Carnival 2025,Festival,Pherzawl,Cultural Hall,"This Festival event at Cultural Hall is a must-attend for anyone visiting Manipur. Dzuko Carnival 2025 offers a unique blend of tradition and modernity with live performances, workshops, and networking opportunities for tourists and locals alike.",Manipur Handloom Board,Usham Kumar,-136359,info@dzukocarnival2025.org,NULL,24.8861,93.7956,18-09-2024,23-09-2024,06:00 Nungthil,06:00 Nungthil,5,Monsoon,4393,Yes,1000,94399,89527,None,"Researchers, Students",Yes,No,No,No,Yes,Postponed,https://example.com/event93.jpg,11-11-2023,15-10-2026
EV038,MP011,Loktak Workshop 2024,Religious,Tamenglong,Cultural Hall,"Join us at Cultural Hall for Loktak Workshop 2024, a spectacular Religious celebration. The event features expert talks, interactive sessions, cultural performances, and plenty of opportunities for photography and exploration.",Manipur Cultural Academy,Leima Sharma,-601980,info@loktakworkshop20246@manipur.in,NULL,24.332,93.3094,18-05-2025,26-05-2025,08:00 Ayuk,06:00 Nungthil,8,Summer,7225,No,100,14450,7337,None,"Tourists, Photographers",No,Yes,Yes,No,No,Cancelled,https://example.com/event38.jpg,12-05-2024,18-10-2025
EV087,MP012,Wildlife Expo 2026,Conference,Pherzawl,Amphitheatre,"Wildlife Expo 2026 is a premier Conference event organized to promote tourism in Manipur. The festival includes cultural shows, adventure activities, and food stalls. It provides a platform for local artisans and performers to showcase their talents.",Manipur Cultural Academy,Wungnao Kumar,-1661,info@wildlifeexpo2026.in,NULL,25.1665,93.6494,13-09-2024,21-09-2024,08:00 Ayuk,06:00 Nungthil,8,Monsoon,43484,Yes,200,86968,43278,Above 18,"Children, Families, Tourists",No,No,Yes,Yes,Yes,Cancelled,https://example.com/event87.jpg,01-07-2025,23-02-2026
EV003,MP013,Orchid Summit 2025,Photography,Noney,Amphitheatre,"Join us at Amphitheatre for Orchid Summit 2025, a spectacular Photography celebration. The event features expert talks, interactive sessions, cultural performances, and plenty of opportunities for photography and exploration.",Local Cultural Committee,Raj Ningombam,,,NULL,25.1411,93.4222,05-06-2024,07-06-2024,09:00 Ayuk,10:00 Nungthil,2,Summer,14502,Yes,100,42147,28030,None,"Students, Tourists, Researchers",No,No,No,Yes,No,Ongoing,https://example.com/event3.jpg,17-06-2024,05-10-2026
EV084,MP013,Khongjom Trek 2026,Religious,Tamenglong,Meeting Hall,"Join us at Meeting Hall for Khongjom Trek 2026, a spectacular Religious celebration. The event features expert talks, interactive sessions, cultural performances, and plenty of opportunities for photography and exploration.",Private Organizer,Krishna Gupta,-334315,info@khongjomtrek202676@yahoo.com,https://www.khongjomtrek2026.com,24.107,93.1084,18-04-2024,27-04-2024,06:00 Nungthil,10:00 Nungthil,9,Spring,28371,Yes,0,56742,28370,None,Everyone,No,Yes,Yes,No,Yes,Completed,https://example.com/event84.jpg,15-03-2024,07-07-2026
EV074,MP023,Keibul Exhibition 2025,Adventure,Tamenglong,Community Centre,"Join us at Community Centre for Keibul Exhibition 2025, a spectacular Adventure celebration. The event features expert talks, interactive sessions, cultural performances, and plenty of opportunities for photography and exploration.",Manipur Tourism Department,Raj Thang,-220958,info@keibulexhibition202568@event.org,NULL,24.2769,93.8637,03-04-2026,11-04-2026,06:00 Nungthil,09:00 Nungthil,8,Spring,2522,No,500,84262,81444,Above 18,"Families, Senior Citizens",Yes,No,No,Yes,Yes,Completed,https://example.com/event74.jpg,17-03-2024,07-10-2026
EV083,MP002,Loktak Festival 2026,Conference,Imphal East,Cultural Hall,"A grand Conference event celebrating the rich cultural heritage of Manipur. Loktak Festival 2026 features traditional performances, workshops, and exhibitions. Visitors can enjoy local cuisine, crafts, and interactive activities. The event attracts tourists from across the country.",Local Cultural Committee,Wungnao Kumar,,,NULL,25.4442,93.0128,14-11-2025,17-11-2025,08:00 Ayuk,09:00 Nungthil,3,Autumn,18654,Yes,50,62917,43778,Above 12,"Researchers, Students",Yes,No,No,Yes,No,Ongoing,https://example.com/event83.jpg,10-02-2023,10-04-2025
EV012,MP031,Eco Carnival 2024,Handicraft,Thoubal,Community Centre,"Eco Carnival 2024 is a premier Handicraft event organized to promote tourism in Manipur. The festival includes cultural shows, adventure activities, and food stalls. It provides a platform for local artisans and performers to showcase their talents.",Private Organizer,Arjun Singha,-124232,info@wclqp,https://www.ecocarnival2024.com,25.0508,93.4314,13-11-2026,12-11-2026,10:00 Ayuk,08:00 Nungthil,7,Autumn,6714,No,100,40895,34594,Above 18,"Tourists, Photographers",Yes,Yes,No,No,No,Upcoming,https://example.com/event12.jpg,13-06-2024,13-08-2026
EV008,MP024,Sangai Trek 2025,Adventure,Ukhrul,Cultural Hall,"Sangai Trek 2025 is a premier Adventure event organized to promote tourism in Manipur. The festival includes cultural shows, adventure activities, and food stalls. It provides a platform for local artisans and performers to showcase their talents.",Manipur Cultural Academy,Arjun Kumar,,,NULL,24.5788,93.7922,01-06-2024,07-06-2024,10:00 Ayuk,09:00 Nungthil,6,Summer,17413,Yes,1000,34826,16984,Above 18,"Tourists, Photographers",No,Yes,Yes,Yes,No,Ongoing,https://example.com/event8.jpg,21-04-2025,16-09-2026
EV057,MP010,Food Trek 2024,WILDLIFE,Thoubal,Meeting Hall,"This Wildlife event at Meeting Hall is a must-attend for anyone visiting Manipur. Food Trek 2024 offers a unique blend of tradition and modernity with live performances, workshops, and networking opportunities for tourists and locals alike.",Manipur Tourism Department,Arjun Sharma,-396959,info@hoggd,https://www.foodtrek2024.com,25.4864,94.3343,05-05-2025,15-05-2025,11:00 Ayuk,09:00 Nungthil,10,Summer,30308,No,200,88895,58794,Above 21,"Tourists, Photographers",Yes,No,Yes,Yes,No,Upcoming,https://example.com/event57.jpg,14-12-2025,12-11-2026
EV011,MP048,Keibul Performance 2025,Religious,Noney,Meeting Hall,"A grand Religious event celebrating the rich cultural heritage of Manipur. Keibul Performance 2025 features traditional performances, workshops, and exhibitions. Visitors can enjoy local cuisine, crafts, and interactive activities. The event attracts tourists from across the country.",Wildlife Institute of India,Usham Singh,-554050,info@keibulperformance202550@gmail.com,https://www.keibulperformance2025.com,24.2924,93.6523,17-11-2024,24-11-2024,08:00 Ayuk,06:00 Nungthil,7,Autumn,19368,No,200,53856,34895,Above 18,Everyone,Yes,No,Yes,No,Yes,Cancelled,https://example.com/event11.jpg,16-01-2025,20-05-2025
EV102,MP023,Orchid Fair 2026,Workshop,Senapati,Meeting Hall,"Join us at Meeting Hall for Orchid Fair 2026, a spectacular Workshop celebration. The event features expert talks, interactive sessions, cultural performances, and plenty of opportunities for photography and exploration.",Peace Foundation,Krishna Sharma,-874569,info@orchidfair2026.in,https://www.orchidfair2026.com,25.4659,94.0363,14-06-2025,22-06-2025,08:00 Ayuk,10:00 Nungthil,8,Summer,7744,No,500,25110,16926,Above 12,"Adventure Lovers, Photographers",Yes,No,Yes,No,No,Postponed,https://example.com/event2.jpg,16-02-2025,22-07-2025
EV035,MP016, Keibul Workshop 2025,Eco Tourism,Churachandpur,Meeting Hall,"A grand Eco Tourism event celebrating the rich cultural heritage of Manipur. Keibul Workshop 2025 features traditional performances, workshops, and exhibitions. Visitors can enjoy local cuisine, crafts, and interactive activities. The event attracts tourists from across the country. ",Wildlife Institute of India,Krishna Kumar,-955572,info@ubdbg,https://www.keibulworkshop2025.com,25.2729,93.5012,02-01-2024,07-01-2024,06:00 Nungthil,06:00 Nungthil,5,Winter,5038,No,200,63364,58381,Above 12,"Researchers, Students",Yes,No,No,Yes,Yes,Ongoing,https://example.com/event35.jpg,17-12-2023,10-08-2025
EV024,MP026,Ras Leela Tournament 2026,Sports,Ukhrul,Amphitheatre,"Ras Leela Tournament 2026 is a premier Sports event organized to promote tourism in Manipur. The festival includes cultural shows, adventure activities, and food stalls. It provides a platform for local artisans and performers to showcase their talents.",Manipur Handloom Board,Leima Shimray,-190564,info@rasleelatournament202640@manipur.in,https://www.rasleelatournament2026.com,25.1071,94.1903,11-12-2026,16-12-2026,11:00 Ayuk,08:00 Nungthil,5,Winter,16156,No,50,32312,16058,Above 21,"Children, Families, Tourists",No,No,Yes,Yes,Yes,Ongoing,https://example.com/event24.jpg,07-11-2025,12-11-2026
EV086,MP005,Manipur Workshop 2024 1,Handicraft,Noney,Meeting Hall,"A grand Handicraft event celebrating the rich cultural heritage of Manipur. Manipur Workshop 2024 1 features traditional performances, workshops, and exhibitions. Visitors can enjoy local cuisine, crafts, and interactive activities. The event attracts tourists from across the country.",Adventure Club,Priya Singha,-777522,info@manipurworkshop2024185@manipur.in,https://www.manipurworkshop20241.com,24.6286,93.2011,03-07-2024,09-07-2024,06:00 Nungthil,10:00 Nungthil,6,Monsoon,22475,No,0,44950,22278,Above 12,"Tourists, Photographers",Yes,Yes,Yes,No,Yes,Postponed,https://example.com/event86.jpg,19-09-2024,25-05-2025
EV066,MP050,Ras Leela Utsav 2025,Dance,Tamenglong,Cultural Hall,"This Dance event at Cultural Hall is a must-attend for anyone visiting Manipur. Ras Leela Utsav 2025 offers a unique blend of tradition and modernity with live performances, workshops, and networking opportunities for tourists and locals alike.",Local Cultural Committee,Raj Shimray,-215852,info@rasleelautsav2025.com,https://www.rasleelautsav2025.com,24.6956,93.6751,20-04-2025,21-04-2025,09:00 Ayuk,08:00 Nungthil,1,Spring,14179,Yes,0,28358,13971,None,Everyone,No,Yes,Yes,No,No,Ongoing,https://example.com/event66.jpg,25-10-2025,07-11-2026
EV069,MP016,Khongjom Celebration 2026,Religious,Tengnoupal,Meeting Hall,"This Religious event at Meeting Hall is a must-attend for anyone visiting Manipur. Khongjom Celebration 2026 offers a unique blend of tradition and modernity with live performances, workshops, and networking opportunities for tourists and locals alike.",Manipur Cultural Academy,Raj Rao,-227984,info@khongjomcelebration2026.org,NULL,24.817,94.263,06-10-2026,09-10-2026,10:00 Ayuk,06:00 Nungthil,3,Autumn,49486,Yes,200,98972,49560,Above 21,"Adventure Lovers, Photographers",No,Yes,No,Yes,Yes,Postponed,https://example.com/event69.jpg,22-03-2025,19-01-2025
EV088,MP024,Eco Mela 2025,Cultural,Noney,Amphitheatre,"This Cultural event at Amphitheatre is a must-attend for anyone visiting Manipur. Eco Mela 2025 offers a unique blend of tradition and modernity with live performances, workshops, and networking opportunities for tourists and locals alike.",Manipur Cultural Academy,Arjun Gupta,,,NULL,25.0382,93.667,15-03-2024,24-03-2024,06:00 Nungthil,10:00 Nungthil,9,Spring,4845,Yes,50,77584,73070,None,"Adventure Lovers, Photographers",Yes,Yes,No,No,Yes,Postponed,https://example.com/event88.jpg,23-08-2024,10-09-2025
EV052,MP041,Manipur Utsav 2024,Exhibition,Noney,Meeting Hall,"This Exhibition event at Meeting Hall is a must-attend for anyone visiting Manipur. Manipur Utsav 2024 offers a unique blend of tradition and modernity with live performances, workshops, and networking opportunities for tourists and locals alike.",Peace Foundation,Krishna Singh,-826612,info@manipurutsav202456@yahoo.com,https://www.manipurutsav2024.com,24.3495,93.9398,15-07-2026,14-07-2026,08:00 Ayuk,08:00 Nungthil,4,Monsoon,4102,Yes,100,71452,67017,Above 21,"Adventure Lovers, Photographers",No,Yes,Yes,No,No,Completed,https://example.com/event52.jpg,25-04-2024,19-01-2025
EV099,MP015,Food Exhibition 2024,Music,Chandel,Amphitheatre,"Food Exhibition 2024 is a premier Music event organized to promote tourism in Manipur. The festival includes cultural shows, adventure activities, and food stalls. It provides a platform for local artisans and performers to showcase their talents.",Peace Foundation,Wungnao Shimray,-513199,info@foodexhibition202462@event.org,https://www.foodexhibition2024.com,24.0177,94.4561,08-12-2026,13-12-2026,06:00 Nungthil,09:00 Nungthil,5,Winter,26131,Yes,50,52262,25962,Above 21,"Students, Tourists, Researchers",No,Yes,No,No,No,Cancelled,https://example.com/event99.jpg,14-01-2024,24-11-2026
EV009,MP018,Wildlife Performance 2026,Food,Jiribam,Cultural Hall,"Join us at Cultural Hall for Wildlife Performance 2026, a spectacular Food celebration. The event features expert talks, interactive sessions, cultural performances, and plenty of opportunities for photography and exploration.",Wildlife Institute of India,Priya Singha,-398095,info@wildlifeperformance2026.in,https://www.wildlifeperformance2026.com,25.2404,94.361,07-01-2024,14-01-2024,11:00 Ayuk,09:00 Nungthil,7,Winter,38874,Yes,200,77748,39206,None,"Researchers, Students",No,No,Yes,Yes,Yes,Completed,https://example.com/event9.jpg,16-01-2023,06-07-2025
EV032,MP026,Orange Summit 2024,Adventure,Imphal East,Meeting Hall,"A grand Adventure event celebrating the rich cultural heritage of Manipur. Orange Summit 2024 features traditional performances, workshops, and exhibitions. Visitors can enjoy local cuisine, crafts, and interactive activities. The event attracts tourists from across the country.",Manipur Handloom Board,Arjun Shimray,-120233,info@orangesummit2024.com,https://www.orangesummit2024.com,24.6298,93.3097,03-07-2025,30-06-2025,09:00 Ayuk,05:00 Nungthil,4,Monsoon,7865,No,50,74779,66451,Above 21,"Families, Senior Citizens",Yes,Yes,Yes,No,No,Cancelled,https://example.com/event32.jpg,13-12-2024,06-05-2026
EV019,MP003,Orchid Festival 2026,Adventure,Kamjong,Amphitheatre,"Orchid Festival 2026 is a premier Adventure event organized to promote tourism in Manipur. The festival includes cultural shows, adventure activities, and food stalls. It provides a platform for local artisans and performers to showcase their talents.",Local Cultural Committee,Krishna Rao,-693409,info@yhoto,https://www.orchidfestival2026.com,24.2589,94.0173,19-12-2024,26-12-2024,11:00 Ayuk,08:00 Nungthil,7,Winter,21290,No,1000,71302,50127,Above 18,Everyone,No,No,Yes,No,No,Upcoming,https://example.com/event19.jpg,01-08-2024,15-09-2025
EV001,MP008,Heritage Symposium 2026,Music,Ukhrul,Cultural Hall,"A grand Music event celebrating the rich cultural heritage of Manipur. Heritage Symposium 2026 features traditional performances, workshops, and exhibitions. Visitors can enjoy local cuisine, crafts, and interactive activities. The event attracts tourists from across the country.",Manipur Tourism Department,Meena Devi,-158861,info@heritagesymposium202687@event.org,https://www.heritagesymposium2026.com,24.315,94.3677,24-07-2025,01-08-2025,06:00 Nungthil,10:00 Nungthil,8,Monsoon,24825,Yes,0,60212,34995,None,"Tourists, Photographers",Yes,No,No,Yes,No,Ongoing,https://example.com/event1.jpg,12-04-2024,04-04-2026
EV006,MP009,Keibul Carnival 2024,Festival,Tengnoupal,Meeting Hall,"This Festival event at Meeting Hall is a must-attend for anyone visiting Manipur. Keibul Carnival 2024 offers a unique blend of tradition and modernity with live performances, workshops, and networking opportunities for tourists and locals alike.",Peace Foundation,Wungnao Sharma,-743505,info@keibulcarnival202479@gmail.com,https://www.keibulcarnival2024.com,25.4417,93.7943,18-12-2026,26-12-2026,10:00 Ayuk,09:00 Nungthil,8,Winter,13683,Yes,500,38033,24255,None,"Children, Families, Tourists",Yes,Yes,Yes,Yes,No,Postponed,https://example.com/event6.jpg,21-04-2023,09-11-2025
EV055,MP009, Khongjom Tournament 2026,Conference,Bishnupur,Main Ground,"This Conference event at Main Ground is a must-attend for anyone visiting Manipur. Khongjom Tournament 2026 offers a unique blend of tradition and modernity with live performances, workshops, and networking opportunities for tourists and locals alike. ",Peace Foundation,Wungnao Thang,-625397,info@khongjomtournament20266@gmail.com,https://www.khongjomtournament2026.com,24.2256,94.096,10-07-2024,16-07-2024,08:00 Ayuk,09:00 Nungthil,6,Monsoon,34354,Yes,0,90310,56430,Above 12,"Students, Tourists, Researchers",No,Yes,Yes,No,No,Upcoming,https://example.com/event55.jpg,21-03-2023,23-02-2025
EV060,MP018,Shirui Trek 2026,Exhibition,Chandel,Community Centre,"This Exhibition event at Community Centre is a must-attend for anyone visiting Manipur. Shirui Trek 2026 offers a unique blend of tradition and modernity with live performances, workshops, and networking opportunities for tourists and locals alike.",Wildlife Institute of India,Wungnao Shimray,-960942,info@shiruitrek2026.com,NULL,24.2523,93.3464,09-10-2024,18-10-2024,08:00 Ayuk,06:00 Nungthil,9,Autumn,15760,Yes,200,49823,33565,Above 18,"Adventure Lovers, Photographers",Yes,Yes,No,No,No,Upcoming,https://example.com/event60.jpg,02-02-2024,05-08-2025
EV103,MP013,Orchid Summit 2025,Photography,Noney,Amphitheatre,"Join us at Amphitheatre for Orchid Summit 2025, a spectacular Photography celebration. The event features expert talks, interactive sessions, cultural performances, and plenty of opportunities for photography and exploration.",Local Cultural Committee,Raj Ningombam,,,NULL,25.1411,93.4222,05-06-2024,07-06-2024,09:00 Ayuk,10:00 Nungthil,2,Summer,14502,Yes,100,42147,28030,None,"Students, Tourists, Researchers",No,No,No,Yes,No,Ongoing,https://example.com/event3.jpg,17-06-2024,05-10-2026
