Hotel_ID,Place_ID,Hotel_Name,Hotel_Type,Star_Rating,Average_Rating,Total_Reviews,Price_Per_Night_INR,Distance_From_Place_KM,District,Address,Latitude,Longitude,Check_In_Time,Check_Out_Time,Total_Rooms,Available_Rooms,Room_Type,Air_Conditioning,Free_WiFi,Parking,Restaurant,Room_Service,Swimming_Pool,Gym,Spa,Pet_Friendly,Family_Friendly,Wheelchair_Accessible,Airport_Shuttle,Breakfast_Included,Cancellation_Policy,Phone_Number,Email,Official_Website,Image_URL,Status,Created_Date,Updated_Date
HT024,MP013,Hotel View,Hotel,3,4.1,1415,13362,9.8,Imphal West,"Airport Road 56, Imphal West, Manipur",24.109,93.8889,02:00 Nungthil,12:00 Nungthil,141,124,Executive,No,No,Yes,Yes,No,Yes,No,No,Yes,No,Yes,Yes,Yes,Free Cancellation,-569818,info@hotel.com,https://www.hotel.com,https://example.com/hotel24.jpg,Open,05-01-2024,19-08-2025
HT033,MP009,Inn Mountain,Resort,2,3.6,289,10372,7.3,Imphal West,"Main Road 4, Imphal West, Manipur",24.9742,94.4302,02:00 Nungthil,11:00 Ayuk,224,56,Family Room,No,No,Yes,Yes,No,No,No,No,No,No,No,No,Yes,Partial Refund,-347155,info@hotel897@gmail.com,https://www.hotel.com,https://example.com/hotel33.jpg,Temporarily Closed,14-09-2024,24-02-2026
HT032,MP017,Hotel Eco,Lodge,2,4.1,4098,3280,12.5,Noney,"Airport Road 72, Noney, Manipur",24.1666,93.7082,12:00 Nungthil,12:00 Nungthil,104,71,Family Room,No,No,No,No,No,Yes,Yes,Yes,No,No,Yes,No,No,Non Refundable,-746600,info@hotel241@hotmail.com,https://www.hotel.com,https://example.com/hotel32.jpg,Under Renovation,04-12-2023,25-10-2025
HT088,MP015,Lodge View,Eco Resort,3,4,563,11279,17.7,Kakching,"Airport Road 65, Kakching, Manipur",24.399,94.1478,01:00 Nungthil,11:00 Ayuk,196,151,Deluxe,Yes,No,Yes,Yes,No,Yes,Yes,No,No,No,Yes,Yes,No,Non Refundable,-362651,info@hotel831@outlook.com,https://www.hotel.com,https://example.com/hotel88.jpg,Under Renovation,20-09-2023,06-02-2025
HT010,MP024,Guest House View,Guest House,1,3.5,882,8449,12.1,Imphal East,"Main Road 81, Imphal East, Manipur",24.2331,93.665,12:00 Nungthil,11:00 Ayuk,231,48,Dormitory,Yes,Yes,Yes,Yes,Yes,No,Yes,No,Yes,No,Yes,Yes,Yes,Non Refundable,,,NULL,https://example.com/hotel10.jpg,Under Renovation,02-01-2024,02-07-2026
HT086,MP033,Palace Heritage 20,Heritage Hotel,2,3.7,4356,7633,8.1,Tengnoupal,"Hill Top 84, Tengnoupal, Manipur",25.3252,93.4093,01:00 Nungthil,11:00 Ayuk,177,43,Dormitory,No,No,Yes,No,No,Yes,No,No,Yes,No,No,No,No,Non Refundable,-562385,info@hotel.com,https://www.hotel.com,https://example.com/hotel86.jpg,Under Renovation,12-02-2025,12-09-2025
HT015,MP008,Homestay Comfort,Heritage Hotel,5,3,4307,9698,14.6,Jiribam,"Lake View 42, Jiribam, Manipur",25.366,94.0685,01:00 Nungthil,11:00 Ayuk,41,11,Executive,No,Yes,Yes,Yes,Yes,Yes,Yes,No,Yes,Yes,No,Yes,No,Free Cancellation,-705398,info@hcqwz,https://www.hotel.com,https://example.com/hotel15.jpg,Under Renovation,17-12-2025,18-08-2026
HT075,MP048,Palace Eco 68,Heritage Hotel,5,5,1578,6464,5.2,Pherzawl,"Main Road 88, Pherzawl, Manipur",25.4987,93.6279,01:00 Nungthil,11:00 Ayuk,190,186,Family Room,No,No,No,No,No,No,No,No,Yes,Yes,No,Yes,No,Non Refundable,-360655,info@xtyfh,https://www.hotel.com,https://example.com/hotel75.jpg,Temporarily Closed,18-03-2024,09-04-2025
HT052,MP042,Resort Garden,hotel,1,4,2938,3694,10.5,Chandel,"Market Area 47, Chandel, Manipur",25.0511,93.5018,02:00 Nungthil,12:00 Nungthil,167,45,Standard,Yes,No,Yes,Yes,No,Yes,Yes,No,No,No,Yes,Yes,No,Partial Refund,-277758,info@hotel.com,https://www.hotel.com,https://example.com/hotel52.jpg,Temporarily Closed,11-12-2023,19-03-2026
HT020,MP070, Cottage View 81,Guest House,3,4.8,2773,6501,9.1,Senapati,"Hill Top 68, Senapati, Manipur ",24.0279,94.1546,01:00 Nungthil,12:00 Nungthil,92,6,Dormitory,No,No,No,Yes,No,Yes,No,No,Yes,Yes,Yes,No,Yes,Free Cancellation,-259585,info@hotel.com,https://www.hotel.com,https://example.com/hotel20.jpg,Temporarily Closed,12-07-2023,05-09-2025
HT122,MP002,Inn Boutique,Resort,4,4.8,497,13265,4.8,Pherzawl,"Hill Top 21, Pherzawl, Manipur",24.3394,93.529,01:00 Nungthil,10:00 Ayuk,197,123,Dormitory,Yes,No,Yes,Yes,No,No,No,Yes,No,No,No,No,No,Partial Refund,-811353,info@hotel814@manipurhotels.com,https://www.hotel.com,https://example.com/hotel122.jpg,Temporarily Closed,22-10-2025,02-01-2025
HT089,MP046,Retreat Garden,Homestay,5,5,409,12499,8.7,Kamjong,"Airport Road 50, Kamjong, Manipur",25.4137,93.1678,02:00 Nungthil,11:00 Ayuk,219,83,Standard,No,No,No,No,Yes,Yes,Yes,No,No,No,Yes,Yes,Yes,Free Cancellation,-746912,info@hotel175@hotmail.com,https://www.hotel.com,https://example.com/hotel89.jpg,Under Renovation,18-02-2023,22-01-2026
HT073,MP041,Inn View 25,Resort,1,4.2,3577,5814,4.9,Jiribam,"Lake View 78, Jiribam, Manipur",25.4045,93.8085,02:00 Nungthil,12:00 Nungthil,249,96,Family Room,Yes,No,No,No,No,No,Yes,Yes,Yes,No,Yes,Yes,No,Partial Refund,-126876,info@hotel473@gmail.com,https://www.hotel.com,https://example.com/hotel73.jpg,Temporarily Closed,11-12-2024,09-09-2025
HT140,MP004, Hotel Plaza 84,Guest House,3,3.7,4125,2415,8.9,Imphal East,"Airport Road 27, Imphal East, Manipur ",24.2075,93.5238,12:00 Nungthil,10:00 Ayuk,118,80,Family Room,No,No,No,No,No,Yes,No,Yes,No,No,Yes,No,No,Free Cancellation,-602139,info@hotel.com,NULL,https://example.com/hotel140.jpg,Under Renovation,20-07-2025,02-09-2026
HT085,MP069,Guest House Plaza,Eco Resort,3,2.6,36,2276,12.9,Churachandpur,"Main Road 81, Churachandpur, Manipur",25.4968,94.1158,01:00 Nungthil,11:00 Ayuk,210,63,Suite,No,No,Yes,No,No,Yes,Yes,Yes,No,No,No,Yes,No,Partial Refund,-785675,info@hotel515@yahoo.com,NULL,https://example.com/hotel85.jpg,Open,22-04-2024,17-10-2026
HT060,MP010,Cottage Heritage 33,Guest House,1,3.7,1952,13738,3.8,Kamjong,"Airport Road 62, Kamjong, Manipur",24.846,93.4766,02:00 Nungthil,12:00 Nungthil,165,6,Dormitory,Yes,Yes,No,No,No,Yes,Yes,No,Yes,Yes,No,Yes,No,Free Cancellation,-325528,info@hotel866@hotmail.com,https://www.hotel.com,https://example.com/hotel60.jpg,Under Renovation,02-08-2024,24-07-2026
HT025,MP033,Retreat Royal,Homestay,1,2.9,1155,14836,1.5,Kamjong,"Airport Road 70, Kamjong, Manipur",24.5066,93.261,12:00 Nungthil,12:00 Nungthil,244,230,Family Room,Yes,Yes,Yes,No,No,No,No,No,Yes,Yes,No,No,Yes,Free Cancellation,-130516,info@hotel59@manipurhotels.com,https://www.hotel.com,https://example.com/hotel25.jpg,Under Renovation,02-02-2023,05-03-2026
HT153,MP052,Lodge Lake,Resort,5,3.4,2624,7005,5.3,Kangpokpi,"Market Area 27, Kangpokpi, Manipur",25.1933,93.1057,12:00 Nungthil,11:00 Ayuk,17,17,Standard,Yes,No,No,Yes,No,Yes,Yes,No,No,No,Yes,Yes,No,Free Cancellation,-301205,info@hotel21@outlook.com,https://www.hotel.com,https://example.com/hotel3.jpg,Temporarily Closed,13-03-2024,15-06-2026
HT061,MP062,Hotel Tower,Boutique Hotel,2,5,3038,3673,9.1,Jiribam,"Main Road 76, Jiribam, Manipur",25.3455,94.0867,01:00 Nungthil,11:00 Ayuk,145,21,Deluxe,No,No,Yes,Yes,No,No,No,No,No,Yes,Yes,No,Yes,Partial Refund,-848574,info@hotel.com,https://www.hotel.com,https://example.com/hotel61.jpg,Under Renovation,12-09-2024,02-10-2025
HT044,MP055,Hotel Heritage,Boutique Hotel,4,4.6,521,1024,1.5,Ukhrul,"Main Road 22, Ukhrul, Manipur",24.4907,93.1076,02:00 Nungthil,10:00 Ayuk,145,103,Dormitory,No,No,No,No,No,Yes,Yes,No,Yes,No,Yes,Yes,Yes,Partial Refund,-797472,info@hotel805@tourism.in,NULL,https://example.com/hotel44.jpg,Under Renovation,07-08-2024,09-12-2026
HT027,MP033,Inn View,Heritage Hotel,5,4.5,148,10798,11.8,Chandel,"Market Area 31, Chandel, Manipur",24.7856,93.6031,12:00 Nungthil,12:00 Nungthil,233,84,Suite,No,No,Yes,Yes,Yes,Yes,No,No,Yes,No,Yes,Yes,No,Non Refundable,-849308,info@hotel581@outlook.com,NULL,https://example.com/hotel27.jpg,Temporarily Closed,07-10-2024,13-11-2025
HT112,MP046,Retreat Garden 32,hotel,2,3.9,2355,7091,1.1,Kakching,"Market Area 27, Kakching, Manipur",24.4993,93.1698,01:00 Nungthil,12:00 Nungthil,126,126,Standard,No,No,Yes,No,Yes,No,Yes,No,Yes,Yes,Yes,No,No,Partial Refund,-878425,info@hotel394@yahoo.com,https://www.hotel.com,https://example.com/hotel112.jpg,Open,18-09-2024,20-01-2026
HT151,MP048,Cottage View,Resort,5,4.8,3397,1210,3.1,Jiribam,"Main Road 49, Jiribam, Manipur",24.6269,93.6633,02:00 Nungthil,10:00 Ayuk,83,43,Suite,Yes,No,Yes,No,Yes,Yes,Yes,Yes,Yes,Yes,Yes,No,Yes,Partial Refund,-815159,info@hotel.com,https://www.hotel.com,https://example.com/hotel1.jpg,Under Renovation,13-03-2025,24-03-2026
HT022,MP047,Lodge Garden,guest house,2,3.7,141,13936,3.5,Tengnoupal,"Airport Road 77, Tengnoupal, Manipur",24.8008,93.511,01:00 Nungthil,11:00 Ayuk,151,49,Standard,Yes,Yes,No,Yes,Yes,Yes,Yes,Yes,Yes,No,Yes,No,Yes,Partial Refund,-702444,info@hotel261@tourism.in,https://www.hotel.com,https://example.com/hotel22.jpg,Temporarily Closed,23-09-2025,18-03-2026
HT093,MP067,Palace Classic,Hotel,1,3.2,2828,2437,7.7,Noney,"Hill Top 50, Noney, Manipur",24.4723,94.4458,01:00 Nungthil,11:00 Ayuk,79,43,Suite,No,Yes,No,Yes,Yes,Yes,Yes,Yes,No,No,Yes,No,Yes,Partial Refund,-259475,info@hotel947@gmail.com,https://www.hotel.com,https://example.com/hotel93.jpg,Under Renovation,17-07-2024,03-05-2025
HT114,MP031,Resort Eco 40,Resort,4,3.3,3646,1467,19.5,Tamenglong,"Airport Road 20, Tamenglong, Manipur",25.3559,93.5594,02:00 Nungthil,11:00 Ayuk,142,34,Dormitory,No,Yes,Yes,No,No,Yes,No,Yes,Yes,Yes,Yes,No,No,Partial Refund,-424992,info@hotel.com,https://www.hotel.com,https://example.com/hotel114.jpg,Temporarily Closed,08-10-2025,18-10-2025
HT117,MP025,Resort Eco 59,Homestay,1,3.4,151,3413,3.4,Senapati,"Airport Road 79, Senapati, Manipur",24.5838,93.3782,12:00 Nungthil,11:00 Ayuk,192,75,Dormitory,No,Yes,Yes,Yes,No,No,No,Yes,Yes,No,No,No,No,Non Refundable,-715680,info@hotel860@tourism.in,https://www.hotel.com,https://example.com/hotel117.jpg,Open,05-10-2024,17-07-2025
HT131,MP027,Camp Grand,Homestay,4,4.6,1286,4002,17.2,Pherzawl,"Market Area 11, Pherzawl, Manipur",25.4874,94.1278,01:00 Nungthil,12:00 Nungthil,113,38,Executive,No,No,Yes,No,No,Yes,No,Yes,Yes,No,No,No,No,Free Cancellation,-984718,info@hotel986@outlook.com,https://www.hotel.com,https://example.com/hotel131.jpg,Open,14-09-2024,09-11-2025
HT152,MP008,Homestay Mountain,Resort,3,4.1,876,912,2.5,Tamenglong,"Main Road 18, Tamenglong, Manipur",25.145,93.5973,12:00 Nungthil,11:00 Ayuk,110,1,Deluxe,Yes,No,Yes,Yes,Yes,No,No,No,Yes,Yes,No,No,Yes,Free Cancellation,-562193,info@hotel.com,NULL,https://example.com/hotel2.jpg,Open,09-06-2024,20-06-2025
HT143,MP014,Lodge Eco 68,Boutique Hotel,5,3.8,2199,1137,8.4,Kamjong,"Market Area 90, Kamjong, Manipur",25.3173,93.0968,01:00 Nungthil,10:00 Ayuk,201,123,Dormitory,No,No,No,Yes,No,Yes,Yes,Yes,Yes,No,Yes,Yes,Yes,Partial Refund,-907855,info@hotel844@gmail.com,https://www.hotel.com,https://example.com/hotel143.jpg,Open,25-11-2024,17-01-2026
HT042,MP018,Hotel Classic,Heritage Hotel,4,5.6,2866,3211,18,Churachandpur,"Market Area 29, Churachandpur, Manipur",24.9087,94.2741,02:00 Nungthil,12:00 Nungthil,186,4,Dormitory,No,No,Yes,No,No,No,Yes,No,Yes,Yes,No,Yes,Yes,Free Cancellation,-544900,info@hotel19@yahoo.com,https://www.hotel.com,https://example.com/hotel42.jpg,Temporarily Closed,17-07-2024,23-03-2025
HT077,MP016,Camp Royal 23,Eco Resort,3,3.5,3515,6028,2.6,Tamenglong,"Main Road 29, Tamenglong, Manipur",24.3041,93.5481,02:00 Nungthil,10:00 Ayuk,88,66,Suite,Yes,No,Yes,Yes,Yes,No,Yes,No,Yes,No,Yes,Yes,Yes,Partial Refund,-147764,info@hotel693@gmail.com,https://www.hotel.com,https://example.com/hotel77.jpg,Open,14-02-2025,15-01-2025
HT036,MP014,Resort Eco,Resort,1,4.1,3859,9871,1.8,Noney,"Main Road 10, Noney, Manipur",25.1985,93.8385,02:00 Nungthil,11:00 Ayuk,144,98,Family Room,No,Yes,Yes,Yes,No,No,No,No,Yes,Yes,Yes,No,No,Partial Refund,-976119,info@hotel41@hotmail.com,https://www.hotel.com,https://example.com/hotel36.jpg,Under Renovation,10-03-2023,09-02-2025
HT055,MP038,Cottage Mountain,Hotel,5,4.4,1889,6124,12.8,Tengnoupal,"Lake View 21, Tengnoupal, Manipur",25.1265,93.8024,02:00 Nungthil,12:00 Nungthil,51,23,Deluxe,Yes,No,No,Yes,Yes,No,Yes,Yes,Yes,Yes,Yes,Yes,Yes,Non Refundable,-352667,info@hotel241@hotmail.com,NULL,https://example.com/hotel55.jpg,Open,02-06-2024,02-12-2025
HT009,MP007,Camp Heritage,Guest House,3,4.2,4251,10006,19.8,Chandel,"Lake View 25, Chandel, Manipur",25.2279,94.4087,01:00 Nungthil,12:00 Nungthil,81,3,Dormitory,No,No,No,Yes,No,No,No,Yes,No,No,No,No,Yes,Partial Refund,-943808,info@hotel.com,https://www.hotel.com,https://example.com/hotel9.jpg,Temporarily Closed,15-01-2023,16-06-2025
HT076,MP057,Camp Royal,Resort,2,4.8,1511,11768,9.6,Churachandpur,"Hill Top 31, Churachandpur, Manipur",25.1799,93.253,02:00 Nungthil,12:00 Nungthil,198,157,Executive,Yes,No,No,No,No,Yes,Yes,Yes,No,Yes,Yes,Yes,Yes,Non Refundable,-967514,info@hotel.com,https://www.hotel.com,https://example.com/hotel76.jpg,Under Renovation,06-11-2024,09-12-2025
HT107,MP053,Hotel Garden 60,Boutique Hotel,2,4.2,3502,12643,14.1,Noney,"Lake View 62, Noney, Manipur",24.8421,94.3827,01:00 Nungthil,12:00 Nungthil,233,150,Dormitory,Yes,Yes,No,Yes,No,No,No,No,No,Yes,No,No,No,Partial Refund,-807874,info@hotel.com,https://www.hotel.com,https://example.com/hotel107.jpg,Temporarily Closed,11-03-2023,24-05-2025
HT006,MP058,Camp Green,Resort,3,2.7,549,7170,0.3,Imphal East,"Hill Top 50, Imphal East, Manipur",25.2742,93.7223,12:00 Nungthil,11:00 Ayuk,92,53,Standard,No,No,Yes,No,Yes,Yes,Yes,Yes,Yes,Yes,No,No,No,Partial Refund,-147368,info@hotel6@yahoo.com,NULL,https://example.com/hotel6.jpg,Open,02-08-2023,18-01-2025
HT048,MP012,Inn Comfort,Heritage Hotel,2,2.9,94,2238,4.8,Pherzawl,"Airport Road 62, Pherzawl, Manipur",24.5544,93.0022,01:00 Nungthil,12:00 Nungthil,72,22,Deluxe,No,Yes,Yes,No,No,Yes,No,Yes,No,No,No,No,No,Non Refundable,-7679,info@hotel713@hotmail.com,https://www.hotel.com,https://example.com/hotel48.jpg,Temporarily Closed,10-05-2025,15-11-2026
HT097,MP002,Inn View 6,Boutique Hotel,4,2.7,2052,3392,3.5,Kamjong,"Market Area 99, Kamjong, Manipur",24.2556,93.2444,12:00 Nungthil,10:00 Ayuk,104,45,Suite,No,Yes,No,Yes,No,Yes,No,Yes,Yes,No,No,Yes,Yes,Free Cancellation,-189197,info@hotel702@outlook.com,https://www.hotel.com,https://example.com/hotel97.jpg,Under Renovation,25-03-2024,15-04-2026
HT045,MP021,Camp Mountain,Boutique Hotel,1,2.8,1741,1953,1.1,Noney,"Lake View 38, Noney, Manipur",25.2165,93.5602,01:00 Nungthil,12:00 Nungthil,194,110,Family Room,Yes,Yes,No,Yes,No,No,Yes,Yes,No,No,No,No,Yes,Free Cancellation,-157663,info@vmeti,https://www.hotel.com,https://example.com/hotel45.jpg,Under Renovation,11-01-2025,08-05-2025
HT001,MP048,Cottage View,Resort,5,4.8,3397,1210,3.1,Jiribam,"Main Road 49, Jiribam, Manipur",24.6269,93.6633,02:00 Nungthil,10:00 Ayuk,83,43,Suite,Yes,No,Yes,No,Yes,Yes,Yes,Yes,Yes,Yes,Yes,No,Yes,Partial Refund,-815159,info@hotel.com,https://www.hotel.com,https://example.com/hotel1.jpg,Under Renovation,13-03-2025,24-03-2026
HT023,MP017,Palace Green,Boutique Hotel,4,3.7,93,4392,15.3,Ukhrul,"Airport Road 90, Ukhrul, Manipur",24.8821,93.2714,12:00 Nungthil,12:00 Nungthil,173,62,Standard,Yes,No,No,Yes,No,No,No,Yes,No,Yes,Yes,No,Yes,Free Cancellation,-490047,info@hotel.com,https://www.hotel.com,https://example.com/hotel23.jpg,Open,24-04-2023,06-02-2025
HT049,MP065,Camp Green 47,Resort,3,2.6,4744,14644,17.2,Thoubal,"Main Road 92, Thoubal, Manipur",24.4013,94.0395,01:00 Nungthil,11:00 Ayuk,134,93,Dormitory,Yes,Yes,No,Yes,Yes,Yes,Yes,Yes,Yes,No,Yes,Yes,No,Partial Refund,-714357,info@hotel22@tourism.in,NULL,https://example.com/hotel49.jpg,Open,16-01-2025,18-02-2025
HT078,MP026,Cottage Classic 44,Heritage Hotel,4,3,1802,11128,18.1,Tengnoupal,"Hill Top 78, Tengnoupal, Manipur",24.6543,94.378,02:00 Nungthil,10:00 Ayuk,74,46,Suite,No,No,No,Yes,No,Yes,Yes,Yes,Yes,No,No,Yes,No,Partial Refund,-9041,info@hotel597@tourism.in,NULL,https://example.com/hotel78.jpg,Temporarily Closed,09-07-2025,05-10-2026
HT034,MP024,Inn Grand 85,Guest House,5,2.6,4729,12245,19,Ukhrul,"Main Road 8, Ukhrul, Manipur",24.9547,93.2895,12:00 Nungthil,12:00 Nungthil,204,139,Executive,Yes,No,No,No,Yes,Yes,No,No,Yes,Yes,Yes,No,No,Partial Refund,-399126,info@hotel814@tourism.in,https://www.hotel.com,https://example.com/hotel34.jpg,Temporarily Closed,21-01-2025,13-01-2026
HT016,MP034,Cottage Heritage,Hotel,5,3.1,1893,13403,16.9,Churachandpur,"Lake View 65, Churachandpur, Manipur",24.9433,94.023,01:00 Nungthil,11:00 Ayuk,67,63,Suite,Yes,No,No,Yes,No,No,No,Yes,No,Yes,No,No,No,Partial Refund,-342968,info@hotel559@gmail.com,https://www.hotel.com,https://example.com/hotel16.jpg,Open,16-06-2024,15-04-2026
HT066,MP054,Guest House Mountain,Homestay,5,4.6,2494,12595,12.6,Kamjong,"Main Road 36, Kamjong, Manipur",24.4771,93.3408,01:00 Nungthil,12:00 Nungthil,53,32,Deluxe,No,Yes,No,Yes,No,No,Yes,No,No,Yes,No,No,Yes,Non Refundable,-477239,info@hotel425@tourism.in,https://www.hotel.com,https://example.com/hotel66.jpg,Temporarily Closed,05-08-2024,12-02-2025
HT067,MP066,Hotel Tower 55,Resort,5,4.7,3458,9702,11.6,Kakching,"Market Area 99, Kakching, Manipur",25.24,94.027,12:00 Nungthil,10:00 Ayuk,176,149,Standard,Yes,Yes,No,Yes,No,No,Yes,No,No,Yes,No,Yes,Yes,Free Cancellation,-254163,info@hotel260@hotmail.com,https://www.hotel.com,https://example.com/hotel67.jpg,Open,17-06-2023,03-11-2026
HT106,MP022,Palace Garden 77,Boutique Hotel,1,3.2,3995,2408,17.4,Churachandpur,"Airport Road 70, Churachandpur, Manipur",24.859,93.4548,01:00 Nungthil,11:00 Ayuk,244,171,Suite,Yes,Yes,No,No,Yes,No,Yes,Yes,Yes,No,Yes,No,No,Non Refundable,-316231,info@hotel159@tourism.in,https://www.hotel.com,https://example.com/hotel106.jpg,Temporarily Closed,11-08-2023,19-05-2026
HT100,MP035,Hotel Plaza 95,Heritage Hotel,5,2.7,1636,11072,15.4,Noney,"Airport Road 93, Noney, Manipur",25.0337,94.0408,01:00 Nungthil,12:00 Nungthil,187,123,Suite,No,No,No,Yes,Yes,Yes,No,Yes,Yes,Yes,Yes,Yes,No,Free Cancellation,,,NULL,https://example.com/hotel100.jpg,Under Renovation,09-06-2024,16-09-2026
HT081,MP015,Lodge Lake 72,Hotel,1,3.1,2798,8703,2.5,Chandel,"Airport Road 67, Chandel, Manipur",25.1443,93.9383,12:00 Nungthil,11:00 Ayuk,87,69,Deluxe,No,No,No,Yes,No,No,Yes,Yes,Yes,No,Yes,No,No,Free Cancellation,-281460,info@hotel.com,https://www.hotel.com,https://example.com/hotel81.jpg,Temporarily Closed,08-04-2023,14-08-2025
HT062,MP034,Lodge Eco,Heritage Hotel,4,4.4,3251,5504,18.1,Churachandpur,"Lake View 58, Churachandpur, Manipur",24.6819,94.1593,02:00 Nungthil,12:00 Nungthil,96,42,Standard,No,No,No,No,No,Yes,No,No,Yes,No,No,No,No,Partial Refund,-205320,info@hotel848@gmail.com,NULL,https://example.com/hotel62.jpg,Temporarily Closed,01-05-2024,13-02-2026
HT084,MP011,Hotel View 33,Hotel,5,2.7,1872,3409,15.2,Churachandpur,"Hill Top 44, Churachandpur, Manipur",24.2592,94.3504,01:00 Nungthil,10:00 Ayuk,55,29,Family Room,No,No,No,Yes,Yes,No,No,Yes,No,No,No,No,No,Partial Refund,-117717,info@hotel843@manipurhotels.com,NULL,https://example.com/hotel84.jpg,Open,23-10-2023,12-10-2025
HT105,MP005,Hotel Lake 8,Lodge,2,4.7,4122,10118,15.6,Kakching,"Lake View 81, Kakching, Manipur",25.1821,93.0052,01:00 Nungthil,10:00 Ayuk,110,69,Executive,No,No,Yes,Yes,No,Yes,Yes,Yes,Yes,Yes,Yes,No,No,Partial Refund,-384304,info@jzlgk,https://www.hotel.com,https://example.com/hotel105.jpg,Open,18-02-2024,14-09-2025
HT128,MP042,Resort Heritage 54,Homestay,3,4.1,3326,9151,0.2,thoubal,"Lake View 12, Thoubal, Manipur",24.1275,93.2315,02:00 Nungthil,12:00 Nungthil,109,98,Suite,Yes,Yes,No,No,No,No,No,No,No,No,No,No,Yes,Non Refundable,-757228,info@hotel91@hotmail.com,https://www.hotel.com,https://example.com/hotel128.jpg,Temporarily Closed,14-09-2023,17-10-2025
HT026,MP013,Palace Mountain,Hotel,4,4.1,305,9318,18.8,Noney,"Airport Road 8, Noney, Manipur",25.0937,93.6826,12:00 Nungthil,12:00 Nungthil,107,73,Deluxe,No,No,No,Yes,No,Yes,No,No,No,Yes,No,Yes,No,Partial Refund,-843985,info@hotel.com,NULL,https://example.com/hotel26.jpg,Under Renovation,17-04-2025,09-07-2026
HT003,MP052,Lodge Lake,Resort,5,3.4,2624,7005,5.3,Kangpokpi,"Market Area 27, Kangpokpi, Manipur",25.1933,93.1057,12:00 Nungthil,11:00 Ayuk,17,17,Standard,Yes,No,No,Yes,No,Yes,Yes,No,No,No,Yes,Yes,No,Free Cancellation,-301205,info@hotel21@outlook.com,https://www.hotel.com,https://example.com/hotel3.jpg,Temporarily Closed,13-03-2024,15-06-2026
HT070,MP011,Palace Eco,Boutique Hotel,5,2.6,2319,761,5,Senapati,"Market Area 29, Senapati, Manipur",25.4787,93.9819,02:00 Nungthil,12:00 Nungthil,29,13,Executive,Yes,Yes,No,Yes,No,No,Yes,Yes,Yes,No,Yes,No,No,Non Refundable,,,NULL,https://example.com/hotel70.jpg,Temporarily Closed,13-08-2023,06-10-2026
HT109,MP037,Homestay Park,Resort,5,2.9,4826,10962,2.6,Noney,"Market Area 92, Noney, Manipur",25.1938,93.7883,12:00 Nungthil,12:00 Nungthil,12,8,Suite,No,Yes,Yes,No,No,No,Yes,Yes,No,Yes,No,No,Yes,Free Cancellation,-743840,info@hotel517@gmail.com,https://www.hotel.com,https://example.com/hotel109.jpg,Open,18-11-2025,13-01-2025
HT119,MP030,Retreat Eco,Hotel,5,3.1,1668,5397,0.9,Tengnoupal,"Airport Road 14, Tengnoupal, Manipur",25.3118,94.1846,01:00 Nungthil,11:00 Ayuk,207,106,Suite,No,Yes,Yes,Yes,Yes,No,No,Yes,No,No,Yes,No,No,Free Cancellation,-627897,info@hotel898@tourism.in,https://www.hotel.com,https://example.com/hotel119.jpg,Open,08-05-2025,08-04-2025
HT104,MP043,Cottage Garden,Hotel,2,4.7,2911,12140,7,Churachandpur,"Market Area 52, Churachandpur, Manipur",25.1496,93.9711,12:00 Nungthil,11:00 Ayuk,234,228,Family Room,Yes,Yes,Yes,No,No,No,Yes,Yes,Yes,No,No,Yes,Yes,Partial Refund,-380267,info@hotel.com,https://www.hotel.com,https://example.com/hotel104.jpg,Open,12-10-2024,15-08-2026
HT135,MP005,Inn Garden,Homestay,4,4.2,4644,11268,10.9,Kakching,"Market Area 59, Kakching, Manipur",24.0593,94.0165,02:00 Nungthil,12:00 Nungthil,154,66,Executive,No,No,No,Yes,No,Yes,Yes,No,No,No,Yes,Yes,Yes,Non Refundable,-397665,info@beupw,https://www.hotel.com,https://example.com/hotel135.jpg,Open,07-07-2024,07-08-2025
HT013,MP017,Camp Plaza,Homestay,1,2.6,1923,2498,0.5,Noney,"Airport Road 27, Noney, Manipur",25.0611,94.169,01:00 Nungthil,11:00 Ayuk,77,1,Dormitory,No,Yes,Yes,No,Yes,Yes,Yes,Yes,No,No,No,No,No,Free Cancellation,-378770,info@hotel.com,https://www.hotel.com,https://example.com/hotel13.jpg,Under Renovation,07-05-2025,22-05-2026
HT149,MP007,Cottage Garden 63,Lodge,3,2.5,535,4906,8.3,Thoubal,"Airport Road 57, Thoubal, Manipur",24.8013,93.7499,02:00 Nungthil,11:00 Ayuk,36,10,Family Room,No,No,No,Yes,No,Yes,No,Yes,No,Yes,Yes,No,Yes,Non Refundable,-240436,info@hotel675@hotmail.com,https://www.hotel.com,https://example.com/hotel149.jpg,Open,05-08-2025,23-03-2026
HT065,MP010,Cottage Eco 35,Heritage Hotel,1,4.9,2039,12478,6.9,Pherzawl,"Market Area 22, Pherzawl, Manipur",24.9381,93.5741,12:00 Nungthil,12:00 Nungthil,132,122,Standard,Yes,No,No,No,No,Yes,No,Yes,Yes,No,Yes,Yes,No,Free Cancellation,,,NULL,https://example.com/hotel65.jpg,Open,11-09-2025,02-08-2026
HT057,MP004,Guest House Tower,Boutique Hotel,1,4.2,1600,4049,12.3,Imphal East,"Market Area 11, Imphal East, Manipur",24.6993,93.4591,12:00 Nungthil,10:00 Ayuk,186,164,Dormitory,Yes,No,No,No,Yes,No,Yes,Yes,No,No,No,No,Yes,Non Refundable,-581058,info@hotel738@gmail.com,https://www.hotel.com,https://example.com/hotel57.jpg,Under Renovation,14-05-2024,14-03-2025
HT101,MP041,Guest House Classic,Boutique Hotel,2,3.4,3568,5716,5.6,Kangpokpi,"Market Area 76, Kangpokpi, Manipur",24.4708,93.9415,02:00 Nungthil,11:00 Ayuk,181,93,Standard,Yes,Yes,Yes,No,Yes,No,Yes,No,No,Yes,No,No,No,Partial Refund,-798252,info@hotel571@manipurhotels.com,https://www.hotel.com,https://example.com/hotel101.jpg,Under Renovation,18-11-2024,18-01-2026
HT127,MP027,Retreat Park 84,Heritage Hotel,5,3.4,3144,9046,14.1,Pherzawl,"Market Area 54, Pherzawl, Manipur",25.4796,93.4712,12:00 Nungthil,11:00 Ayuk,126,82,Suite,Yes,No,Yes,No,No,No,No,No,Yes,Yes,Yes,Yes,No,Partial Refund,-855160,info@hotel.com,https://www.hotel.com,https://example.com/hotel127.jpg,Open,02-07-2025,03-06-2025
HT144,MP001,Inn Royal,Homestay,3,4.8,3146,7923,14.6,Thoubal,"Lake View 48, Thoubal, Manipur",24.7916,93.7839,12:00 Nungthil,11:00 Ayuk,25,17,Dormitory,Yes,Yes,No,Yes,Yes,Yes,No,No,No,No,No,No,Yes,Partial Refund,-293163,info@hotel.com,https://www.hotel.com,https://example.com/hotel144.jpg,Temporarily Closed,11-03-2024,19-04-2026
HT133,MP006,Camp Mountain 96,Guest House,2,4.2,2164,4743,8.4,Ukhrul,"Hill Top 92, Ukhrul, Manipur",24.5246,94.208,12:00 Nungthil,12:00 Nungthil,206,76,Executive,Yes,Yes,Yes,Yes,No,Yes,No,Yes,Yes,Yes,Yes,No,Yes,Partial Refund,-507716,info@hotel225@outlook.com,https://www.hotel.com,https://example.com/hotel133.jpg,Under Renovation,18-04-2024,06-03-2026
HT063,MP063,Lodge Classic 68,Guest House,2,3.1,1972,7141,12.9,Kamjong,"Market Area 44, Kamjong, Manipur",24.4244,94.3628,02:00 Nungthil,12:00 Nungthil,101,36,Family Room,Yes,Yes,No,No,No,No,No,Yes,Yes,No,No,No,Yes,Non Refundable,-559057,info@hotel415@tourism.in,NULL,https://example.com/hotel63.jpg,Temporarily Closed,24-04-2024,01-08-2025
HT091,MP003,Inn Mountain 35,Eco Resort,4,4.8,2778,2888,14.2,Pherzawl,"Airport Road 99, Pherzawl, Manipur",25.1163,93.2687,01:00 Nungthil,11:00 Ayuk,151,19,Dormitory,No,Yes,Yes,Yes,Yes,No,No,No,No,Yes,No,Yes,No,Free Cancellation,-114588,info@hotel415@hotmail.com,https://www.hotel.com,https://example.com/hotel91.jpg,Under Renovation,15-02-2024,05-05-2025
HT040,MP020,Cottage Classic,Heritage Hotel,2,4.8,4634,11917,7.3,Pherzawl,"Hill Top 12, Pherzawl, Manipur",24.6785,94.4488,02:00 Nungthil,12:00 Nungthil,109,8,Deluxe,No,Yes,No,Yes,No,Yes,No,No,No,No,Yes,No,No,Free Cancellation,,,NULL,https://example.com/hotel40.jpg,Temporarily Closed,12-02-2024,09-07-2025
HT087,MP029,Hotel Comfort,Hotel,2,3.4,1163,14214,6.9,Bishnupur,"Airport Road 71, Bishnupur, Manipur",25.2366,93.9994,01:00 Nungthil,12:00 Nungthil,199,161,Deluxe,Yes,No,No,No,Yes,Yes,No,No,Yes,No,No,Yes,Yes,Partial Refund,-861718,info@hotel.com,https://www.hotel.com,https://example.com/hotel87.jpg,Temporarily Closed,11-05-2023,21-05-2025
HT095,MP044,Homestay Garden,Hotel,3,4,1175,2066,10.4,Imphal East,"Hill Top 56, Imphal East, Manipur",25.3785,94.0546,01:00 Nungthil,10:00 Ayuk,99,71,Dormitory,No,No,Yes,Yes,Yes,No,Yes,Yes,Yes,No,No,No,No,Non Refundable,,,NULL,https://example.com/hotel95.jpg,Under Renovation,13-12-2024,12-01-2025
HT138,MP018,Retreat Royal 75,Hotel,5,4.6,239,3127,8.4,Jiribam,"Airport Road 91, Jiribam, Manipur",24.2126,94.2219,01:00 Nungthil,12:00 Nungthil,165,100,Deluxe,Yes,No,Yes,Yes,Yes,Yes,Yes,Yes,No,Yes,Yes,No,Yes,Non Refundable,-5150,info@hotel.com,https://www.hotel.com,https://example.com/hotel138.jpg,Open,12-02-2023,12-09-2025
HT123,MP009,Guest House Park,Resort,1,4.9,4787,4929,18.9,Kangpokpi,"Hill Top 93, Kangpokpi, Manipur",25.4216,94.1552,02:00 Nungthil,10:00 Ayuk,111,101,Dormitory,Yes,Yes,Yes,Yes,No,Yes,Yes,No,Yes,No,Yes,No,Yes,Partial Refund,-585266,info@hotel508@outlook.com,https://www.hotel.com,https://example.com/hotel123.jpg,Open,07-10-2024,09-06-2026
HT029,MP018,Resort Boutique,Guest House,1,4.4,517,1911,17.2,Thoubal,"Main Road 48, Thoubal, Manipur",25.2664,93.5449,01:00 Nungthil,11:00 Ayuk,240,42,Family Room,No,Yes,No,Yes,Yes,Yes,Yes,Yes,Yes,Yes,No,Yes,Yes,Non Refundable,-150901,info@hotel.com,https://www.hotel.com,https://example.com/hotel29.jpg,Under Renovation,10-07-2025,08-11-2026
HT058,MP012,Palace Garden,Guest House,5,2.9,2426,13532,6,Imphal West,"Lake View 25, Imphal West, Manipur",25.1244,93.6501,02:00 Nungthil,11:00 Ayuk,133,71,Deluxe,No,No,Yes,No,No,No,No,Yes,Yes,Yes,No,Yes,Yes,Partial Refund,-636039,info@hotel749@manipurhotels.com,NULL,https://example.com/hotel58.jpg,Temporarily Closed,14-10-2024,25-04-2025
HT051,MP060,Guest House Heritage,Guest House,2,3.4,1515,10437,8.2,Thoubal,"Market Area 21, Thoubal, Manipur",25.3139,93.7692,01:00 Nungthil,12:00 Nungthil,223,183,Suite,Yes,No,Yes,No,Yes,Yes,Yes,Yes,No,Yes,Yes,Yes,Yes,Non Refundable,-765679,info@hotel.com,https://www.hotel.com,https://example.com/hotel51.jpg,Under Renovation,15-09-2024,25-12-2025
HT069,MP012,Resort Heritage,Eco Resort,1,4.6,4334,5451,13.6,Pherzawl,"Market Area 45, Pherzawl, Manipur",24.6447,93.4845,02:00 Nungthil,12:00 Nungthil,249,160,Dormitory,Yes,No,Yes,Yes,Yes,Yes,Yes,Yes,Yes,Yes,No,Yes,No,Partial Refund,-537939,info@hotel.com,https://www.hotel.com,https://example.com/hotel69.jpg,Under Renovation,15-12-2025,12-08-2025
HT037,MP020,Homestay Heritage,Homestay,5,3.7,2094,13854,4.5,Bishnupur,"Main Road 77, Bishnupur, Manipur",25.4467,93.6862,01:00 Nungthil,10:00 Ayuk,135,33,Family Room,No,No,Yes,No,Yes,Yes,No,No,Yes,No,No,No,Yes,Free Cancellation,-524019,info@hotel.com,https://www.hotel.com,https://example.com/hotel37.jpg,Temporarily Closed,02-08-2023,24-10-2025
HT136,MP044,Homestay Mountain 1,Hotel,2,2.8,2886,9699,8.6,Pherzawl,"Main Road 90, Pherzawl, Manipur",25.0519,94.0692,02:00 Nungthil,12:00 Nungthil,64,13,Deluxe,No,No,Yes,No,Yes,Yes,No,No,No,Yes,No,Yes,Yes,Partial Refund,-172729,info@hotel.com,https://www.hotel.com,https://example.com/hotel136.jpg,Temporarily Closed,16-02-2025,03-11-2026
HT018,MP001,Cottage View 90,Lodge,2,4.4,2610,6366,2.4,Ukhrul,"Main Road 42, Ukhrul, Manipur",24.1849,93.3367,12:00 Nungthil,11:00 Ayuk,25,17,Standard,No,No,No,Yes,Yes,No,Yes,Yes,Yes,No,Yes,Yes,No,Non Refundable,-13264,info@hotel692@tourism.in,https://www.hotel.com,https://example.com/hotel18.jpg,Under Renovation,12-02-2025,14-10-2026
HT046,MP039,Hotel Garden 33,Lodge,4,2.8,3057,2018,17.5,Tengnoupal,"Airport Road 98, Tengnoupal, Manipur",24.4411,93.6471,12:00 Nungthil,12:00 Nungthil,43,18,Suite,Yes,Yes,Yes,Yes,No,Yes,No,Yes,Yes,Yes,No,Yes,Yes,Non Refundable,-409536,info@hotel525@gmail.com,https://www.hotel.com,https://example.com/hotel46.jpg,Temporarily Closed,01-01-2025,20-11-2025
HT154,MP005,Resort Comfort,Resort,4,4.9,1032,6830,6.6,Senapati,"Main Road 21, Senapati, Manipur",25.254,94.0372,01:00 Nungthil,10:00 Ayuk,246,177,Suite,No,Yes,No,Yes,Yes,Yes,No,No,No,Yes,No,Yes,Yes,Free Cancellation,-911346,info@hotel447@tourism.in,https://www.hotel.com,https://example.com/hotel4.jpg,Temporarily Closed,13-02-2025,21-05-2025
HT071,MP025,Palace Royal,Guest House,3,3.2,328,9232,15,Chandel,"Airport Road 92, Chandel, Manipur",25.2452,93.0363,12:00 Nungthil,10:00 Ayuk,93,36,Executive,No,Yes,Yes,Yes,No,Yes,Yes,Yes,Yes,No,Yes,Yes,Yes,Partial Refund,-155445,info@hotel.com,NULL,https://example.com/hotel71.jpg,Open,06-09-2024,06-06-2025
HT115,MP006,Palace Heritage 56,Homestay,1,2.9,1869,12794,11.3,Imphal East,"Airport Road 6, Imphal East, Manipur",25.2058,93.8746,01:00 Nungthil,12:00 Nungthil,208,151,Standard,Yes,No,Yes,No,No,Yes,Yes,Yes,No,No,Yes,No,No,Non Refundable,-182075,info@hotel864@tourism.in,https://www.hotel.com,https://example.com/hotel115.jpg,Temporarily Closed,06-05-2023,23-12-2026
HT004,MP005,Resort Comfort,Resort,4,4.9,1032,6830,6.6,Senapati,"Main Road 21, Senapati, Manipur",25.254,94.0372,01:00 Nungthil,10:00 Ayuk,246,177,Suite,No,Yes,No,Yes,Yes,Yes,No,No,No,Yes,No,Yes,Yes,Free Cancellation,-911346,info@hotel447@tourism.in,https://www.hotel.com,https://example.com/hotel4.jpg,Temporarily Closed,13-02-2025,21-05-2025
HT141,MP036,Hotel Garden 91,Hotel,4,3.7,2653,7020,6.3,Bishnupur,"Airport Road 31, Bishnupur, Manipur",24.976,93.4622,01:00 Nungthil,10:00 Ayuk,91,5,Standard,Yes,No,No,Yes,Yes,No,No,No,No,Yes,Yes,Yes,No,Free Cancellation,-264663,info@hotel.com,NULL,https://example.com/hotel141.jpg,Temporarily Closed,18-06-2025,18-01-2025
HT094,MP016,Guest House Lake,Eco Resort,2,2.7,3849,587,2.4,Senapati,"Main Road 39, Senapati, Manipur",25.2241,94.0348,01:00 Nungthil,10:00 Ayuk,146,98,Deluxe,No,No,Yes,Yes,Yes,No,No,Yes,No,Yes,Yes,No,No,Free Cancellation,-800080,info@hotel802@manipurhotels.com,NULL,https://example.com/hotel94.jpg,Open,02-03-2025,16-04-2026
HT072,MP019,Hotel Classic 70,Resort,2,5.4,3980,3431,7.3,Imphal West,"Market Area 60, Imphal West, Manipur",25.4053,93.9109,01:00 Nungthil,12:00 Nungthil,126,70,Family Room,No,Yes,Yes,Yes,No,Yes,Yes,Yes,No,Yes,Yes,No,Yes,Non Refundable,-437583,info@hotel198@tourism.in,https://www.hotel.com,https://example.com/hotel72.jpg,Under Renovation,20-09-2025,05-04-2026
HT134,MP007,Homestay Eco,Eco Resort,3,3.1,4276,6462,5.9,Kamjong,"Main Road 49, Kamjong, Manipur",24.4849,93.4718,01:00 Nungthil,10:00 Ayuk,65,29,Deluxe,No,No,Yes,No,No,Yes,No,No,No,Yes,Yes,No,Yes,Free Cancellation,-371407,info@hotel213@manipurhotels.com,https://www.hotel.com,https://example.com/hotel134.jpg,Under Renovation,05-01-2023,05-08-2026
HT098,MP024,Lodge Green,Homestay,4,3.1,3595,3707,0.3,churachandpur,"Market Area 60, Churachandpur, Manipur",24.1118,93.6918,01:00 Nungthil,11:00 Ayuk,32,6,Dormitory,No,No,Yes,No,No,No,No,No,No,No,No,No,Yes,Non Refundable,-164107,info@hotel.com,https://www.hotel.com,https://example.com/hotel98.jpg,Open,06-04-2025,22-02-2025
HT002,MP008,Homestay Mountain,Resort,3,4.1,876,912,2.5,Tamenglong,"Main Road 18, Tamenglong, Manipur",25.145,93.5973,12:00 Nungthil,11:00 Ayuk,110,1,Deluxe,Yes,No,Yes,Yes,Yes,No,No,No,Yes,Yes,No,No,Yes,Free Cancellation,-562193,info@hotel.com,NULL,https://example.com/hotel2.jpg,Open,09-06-2024,20-06-2025
HT068,MP008,Hotel Lake 26,Resort,3,3.9,931,9316,18.3,jiribam,"Airport Road 9, Jiribam, Manipur",24.4322,93.7248,01:00 Nungthil,11:00 Ayuk,43,29,Executive,Yes,Yes,Yes,No,Yes,Yes,No,Yes,Yes,No,No,Yes,No,Free Cancellation,-635875,info@hotel412@outlook.com,NULL,https://example.com/hotel68.jpg,Open,13-01-2024,10-02-2025
HT129,MP045,Retreat Classic,Heritage Hotel,1,3,4594,3971,12.5,Imphal East,"Lake View 88, Imphal East, Manipur",24.2894,93.6418,01:00 Nungthil,12:00 Nungthil,22,5,Family Room,Yes,Yes,Yes,No,No,No,No,No,No,Yes,Yes,Yes,No,Partial Refund,-165681,info@hotel496@gmail.com,https://www.hotel.com,https://example.com/hotel129.jpg,Temporarily Closed,24-04-2023,19-12-2026
HT080,MP064, Inn Eco,Hotel,4,3.3,1460,8219,6.1,Imphal East,"Market Area 41, Imphal East, Manipur ",24.7831,94.2234,02:00 Nungthil,11:00 Ayuk,135,38,Suite,Yes,No,Yes,Yes,Yes,No,Yes,No,Yes,Yes,Yes,Yes,Yes,Non Refundable,-836251,info@hotel.com,https://www.hotel.com,https://example.com/hotel80.jpg,Under Renovation,23-02-2024,22-03-2026
HT039,MP003,Cottage Eco 16,Heritage Hotel,4,3.6,1411,2664,11.9,Kangpokpi,"Main Road 29, Kangpokpi, Manipur",24.6578,93.2785,02:00 Nungthil,12:00 Nungthil,186,7,Family Room,Yes,No,No,Yes,Yes,No,Yes,Yes,No,No,Yes,Yes,Yes,Free Cancellation,-844880,info@hotel578@outlook.com,https://www.hotel.com,https://example.com/hotel39.jpg,Open,03-03-2023,15-09-2025
HT007,MP010,Cottage Tower,Heritage Hotel,1,4.1,342,2734,9,Kamjong,"Airport Road 57, Kamjong, Manipur",25.2513,93.7829,01:00 Nungthil,12:00 Nungthil,250,144,Standard,Yes,Yes,No,No,No,Yes,Yes,Yes,No,No,Yes,No,No,Non Refundable,-592035,info@hotel709@tourism.in,NULL,https://example.com/hotel7.jpg,Under Renovation,06-01-2024,25-10-2025
HT079,MP009,Inn Classic 7,Eco Resort,4,3.9,413,11427,7.1,Pherzawl,"Lake View 66, Pherzawl, Manipur",24.4187,93.3459,12:00 Nungthil,10:00 Ayuk,33,2,Suite,No,Yes,Yes,No,Yes,Yes,No,No,No,Yes,No,Yes,No,Partial Refund,-683344,info@hotel550@yahoo.com,https://www.hotel.com,https://example.com/hotel79.jpg,Open,02-11-2024,06-11-2025
HT130,MP032,Retreat Lake,Guest House,4,3.7,2572,3602,1.6,Chandel,"Airport Road 82, Chandel, Manipur",24.6848,93.654,12:00 Nungthil,12:00 Nungthil,161,152,Standard,No,No,No,No,No,No,No,Yes,Yes,Yes,No,No,No,Partial Refund,,,NULL,https://example.com/hotel130.jpg,Open,07-09-2024,02-03-2025
HT064,MP015,Guest House Heritage 11,Resort,4,2.7,3071,5065,19.5,Tamenglong,"Main Road 8, Tamenglong, Manipur",24.5625,94.2608,01:00 Nungthil,10:00 Ayuk,53,7,Dormitory,No,No,Yes,No,No,Yes,No,Yes,No,No,No,No,Yes,Free Cancellation,-667634,info@hotel28@manipurhotels.com,NULL,https://example.com/hotel64.jpg,Temporarily Closed,25-08-2025,02-09-2026
HT096,MP030,Cottage Boutique,Guest House,4,2.6,3281,7608,17,Pherzawl,"Market Area 74, Pherzawl, Manipur",24.1718,94.2903,12:00 Nungthil,10:00 Ayuk,151,12,Deluxe,No,Yes,Yes,Yes,No,No,Yes,No,No,Yes,No,Yes,No,Non Refundable,-331690,info@hotel750@gmail.com,https://www.hotel.com,https://example.com/hotel96.jpg,Under Renovation,04-07-2024,20-09-2025
HT125,MP043,Lodge Garden 71,Lodge,3,3.5,3325,12521,15.4,Tamenglong,"Main Road 22, Tamenglong, Manipur",25.0662,93.9765,02:00 Nungthil,10:00 Ayuk,78,72,Family Room,No,No,No,No,No,Yes,No,No,No,Yes,No,No,Yes,Partial Refund,,,NULL,https://example.com/hotel125.jpg,Open,24-12-2023,14-10-2025
HT148,MP001,Camp Garden,Resort,1,2.6,1208,13752,4,Kakching,"Main Road 20, Kakching, Manipur",24.2525,93.8393,02:00 Nungthil,12:00 Nungthil,28,3,Standard,Yes,Yes,Yes,No,Yes,Yes,Yes,No,Yes,Yes,Yes,No,Yes,Non Refundable,-526006,info@hotel591@tourism.in,NULL,https://example.com/hotel148.jpg,Temporarily Closed,18-08-2025,15-09-2026
HT110,MP040, Lodge View 72,Hotel,4,3.2,295,12561,4.7,Kakching,"Airport Road 76, Kakching, Manipur ",25.4268,93.9326,02:00 Nungthil,12:00 Nungthil,92,38,Standard,Yes,Yes,Yes,No,No,Yes,Yes,Yes,Yes,Yes,No,Yes,Yes,Partial Refund,-752517,info@hotel602@outlook.com,https://www.hotel.com,https://example.com/hotel110.jpg,Under Renovation,01-12-2024,01-01-2026
HT005,MP021,Palace Heritage,Guest House,4,3.1,3421,10106,12.9,Chandel,"Hill Top 78, Chandel, Manipur",24.72,93.5713,01:00 Nungthil,12:00 Nungthil,150,0,Executive,No,No,No,No,Yes,No,No,No,No,Yes,No,Yes,Yes,Free Cancellation,,,NULL,https://example.com/hotel5.jpg,Open,16-04-2024,22-04-2026
HT146,MP019,Camp Green 99,Homestay,3,4,411,3992,13.3,Imphal East,"Main Road 87, Imphal East, Manipur",25.1456,94.0288,02:00 Nungthil,12:00 Nungthil,131,39,Dormitory,No,Yes,Yes,No,No,Yes,No,No,Yes,Yes,No,No,Yes,Free Cancellation,-486712,info@hotel.com,https://www.hotel.com,https://example.com/hotel146.jpg,Temporarily Closed,22-04-2025,16-06-2026
HT053,MP059,Hotel Plaza,Eco Resort,3,4.3,4232,13970,7.1,Kangpokpi,"Market Area 24, Kangpokpi, Manipur",24.4926,94.2432,12:00 Nungthil,11:00 Ayuk,162,15,Deluxe,Yes,Yes,No,Yes,No,Yes,No,No,No,No,Yes,No,Yes,Partial Refund,-909567,info@hotel259@gmail.com,https://www.hotel.com,https://example.com/hotel53.jpg,Open,01-03-2024,14-06-2025
HT120,MP011,Palace Green 93,Guest House,1,4.7,486,7091,10.8,Kakching,"Market Area 95, Kakching, Manipur",25.2297,93.8998,02:00 Nungthil,11:00 Ayuk,224,115,Executive,No,Yes,Yes,Yes,Yes,Yes,Yes,Yes,No,Yes,No,Yes,Yes,Free Cancellation,-693887,info@hotel743@yahoo.com,https://www.hotel.com,https://example.com/hotel120.jpg,Temporarily Closed,03-04-2023,13-07-2026
HT142,MP051,Palace Plaza,heritage hotel,2,3.5,3470,8756,11.8,Noney,"Hill Top 81, Noney, Manipur",24.7103,94.382,12:00 Nungthil,11:00 Ayuk,153,78,Suite,No,No,No,No,No,No,Yes,No,No,Yes,No,Yes,Yes,Free Cancellation,-998523,info@hotel751@tourism.in,https://www.hotel.com,https://example.com/hotel142.jpg,Under Renovation,15-04-2025,07-03-2025
HT008,MP068,Lodge Classic,Resort,1,4,961,4046,12.4,jiribam,"Lake View 69, Jiribam, Manipur",24.4965,93.614,01:00 Nungthil,11:00 Ayuk,190,104,Deluxe,No,Yes,Yes,Yes,Yes,Yes,No,No,Yes,No,Yes,No,Yes,Partial Refund,-1001440,info@hotel.com,https://www.hotel.com,https://example.com/hotel8.jpg,Under Renovation,24-10-2023,15-11-2025
HT011,MP020,Cottage Eco,Resort,2,4.8,169,8167,3.7,Senapati,"Main Road 13, Senapati, Manipur",24.4923,94.2459,01:00 Nungthil,10:00 Ayuk,162,107,Family Room,No,No,Yes,No,Yes,Yes,Yes,Yes,No,Yes,No,No,No,Non Refundable,-286178,info@hotel.com,https://www.hotel.com,https://example.com/hotel11.jpg,Temporarily Closed,14-03-2024,21-04-2025
HT054,MP050,Resort Classic,Heritage Hotel,1,3.3,3998,1145,6.5,Chandel,"Market Area 90, Chandel, Manipur",24.2503,93.8991,01:00 Nungthil,10:00 Ayuk,105,88,Dormitory,Yes,No,No,Yes,No,No,No,No,No,No,Yes,Yes,Yes,Free Cancellation,-207063,info@hotel485@yahoo.com,NULL,https://example.com/hotel54.jpg,Open,09-12-2025,15-06-2026
HT019,MP026,Homestay Comfort 93,Heritage Hotel,4,2.7,96,9837,10.9,Kakching,"Hill Top 63, Kakching, Manipur",25.4815,94.0384,01:00 Nungthil,12:00 Nungthil,188,63,Standard,No,Yes,No,Yes,Yes,Yes,Yes,Yes,No,No,Yes,Yes,Yes,Non Refundable,-584635,info@hotel247@manipurhotels.com,https://www.hotel.com,https://example.com/hotel19.jpg,Open,04-02-2023,23-03-2026
HT092,MP023,Resort Lake,Resort,4,3.2,3497,13716,15.6,Churachandpur,"Lake View 33, Churachandpur, Manipur",25.315,93.439,12:00 Nungthil,11:00 Ayuk,112,81,Family Room,No,No,No,Yes,Yes,Yes,No,Yes,Yes,No,No,Yes,No,Partial Refund,-324860,info@hotel715@gmail.com,https://www.hotel.com,https://example.com/hotel92.jpg,Temporarily Closed,22-03-2025,20-02-2026
HT043,MP034,Camp Plaza 41,Hotel,2,2.8,699,8998,3.6,Imphal East,"Airport Road 32, Imphal East, Manipur",24.5354,93.3058,01:00 Nungthil,10:00 Ayuk,226,160,Deluxe,No,No,No,No,Yes,Yes,Yes,Yes,No,Yes,No,Yes,No,Non Refundable,-861093,info@hotel.com,https://www.hotel.com,https://example.com/hotel43.jpg,Temporarily Closed,03-11-2023,14-09-2025
HT038,MP004,Guest House Garden,Eco Resort,4,2.8,1793,11857,3.7,senapati,"Lake View 17, Senapati, Manipur",25.2166,94.0311,02:00 Nungthil,10:00 Ayuk,68,29,Deluxe,No,No,No,Yes,No,Yes,Yes,No,No,No,Yes,Yes,Yes,Free Cancellation,-594231,info@hotel84@tourism.in,https://www.hotel.com,https://example.com/hotel38.jpg,Under Renovation,07-02-2023,08-02-2025
HT014,MP050,Hotel Royal,Guest House,2,4.5,2683,1111,7.1,Jiribam,"Hill Top 61, Jiribam, Manipur",25.2641,93.9324,12:00 Nungthil,10:00 Ayuk,84,73,Standard,No,No,No,No,No,No,Yes,Yes,No,Yes,Yes,No,No,Non Refundable,-388282,info@hotel713@gmail.com,https://www.hotel.com,https://example.com/hotel14.jpg,Open,25-08-2025,06-09-2025
HT137,MP049,Homestay Green,Eco Resort,3,3.3,2894,5601,13.2,Senapati,"Airport Road 62, Senapati, Manipur",24.8057,93.1704,02:00 Nungthil,10:00 Ayuk,57,31,Executive,Yes,No,No,No,Yes,No,No,Yes,No,Yes,No,Yes,No,Non Refundable,-770267,info@hotel577@tourism.in,NULL,https://example.com/hotel137.jpg,Temporarily Closed,02-05-2023,12-06-2025
HT035,MP036,Hotel Garden,Lodge,5,5,3411,1137,2.7,Pherzawl,"Lake View 95, Pherzawl, Manipur",24.35,93.1649,02:00 Nungthil,10:00 Ayuk,39,19,Deluxe,No,No,Yes,Yes,No,Yes,No,Yes,No,No,Yes,No,No,Partial Refund,,,NULL,https://example.com/hotel35.jpg,Under Renovation,23-08-2023,25-09-2026
HT017,MP017,Palace Comfort,Homestay,4,3.7,2214,5693,5.5,Tamenglong,"Airport Road 56, Tamenglong, Manipur",24.622,94.2268,12:00 Nungthil,10:00 Ayuk,225,215,Family Room,Yes,No,Yes,Yes,No,No,Yes,No,Yes,No,Yes,Yes,No,Non Refundable,-891721,info@hotel731@hotmail.com,NULL,https://example.com/hotel17.jpg,Open,06-12-2024,08-10-2026
HT099,MP035,Hotel Royal 43,Resort,3,3.6,4335,2672,16.1,Churachandpur,"Main Road 59, Churachandpur, Manipur",24.5019,93.732,12:00 Nungthil,12:00 Nungthil,27,20,Dormitory,No,Yes,Yes,Yes,No,No,Yes,No,Yes,No,No,No,No,Non Refundable,-668554,info@hotel207@yahoo.com,NULL,https://example.com/hotel99.jpg,Temporarily Closed,16-01-2023,01-04-2026
HT059,MP056,Guest House Garden 36,Heritage Hotel,2,2.8,3196,12319,12.8,Noney,"Airport Road 87, Noney, Manipur",24.1921,93.5876,02:00 Nungthil,12:00 Nungthil,70,17,Standard,No,No,No,No,No,No,No,No,No,No,No,No,Yes,Non Refundable,-647515,info@hotel45@yahoo.com,NULL,https://example.com/hotel59.jpg,Under Renovation,07-12-2024,17-11-2025
HT139,MP046,Homestay Boutique 64,Hotel,4,4.1,496,7554,17.7,Noney,"Hill Top 61, Noney, Manipur",24.3137,93.9618,12:00 Nungthil,12:00 Nungthil,167,141,Dormitory,Yes,No,Yes,Yes,Yes,No,No,Yes,Yes,Yes,No,No,Yes,Partial Refund,-935519,info@hotel.com,https://www.hotel.com,https://example.com/hotel139.jpg,Under Renovation,22-09-2025,04-06-2026
HT155,MP021,Palace Heritage,Guest House,4,3.1,3421,10106,12.9,Chandel,"Hill Top 78, Chandel, Manipur",24.72,93.5713,01:00 Nungthil,12:00 Nungthil,150,0,Executive,No,No,No,No,Yes,No,No,No,No,Yes,No,Yes,Yes,Free Cancellation,,,NULL,https://example.com/hotel5.jpg,Open,16-04-2024,22-04-2026
HT111,MP009,Resort Classic 65,Homestay,2,2.8,1011,14662,7.6,Tamenglong,"Market Area 15, Tamenglong, Manipur",25.4509,94.362,12:00 Nungthil,10:00 Ayuk,144,45,Dormitory,Yes,No,No,No,Yes,Yes,Yes,Yes,Yes,Yes,Yes,No,Yes,Free Cancellation,-945117,info@hotel853@tourism.in,https://www.hotel.com,https://example.com/hotel111.jpg,Temporarily Closed,06-01-2023,09-05-2026
HT145,MP004,Guest House View 92,Hotel,2,4.4,2930,14957,7.2,Tamenglong,"Airport Road 47, Tamenglong, Manipur",25.3864,93.7962,12:00 Nungthil,10:00 Ayuk,20,8,Suite,No,Yes,No,Yes,Yes,Yes,No,No,Yes,No,No,Yes,Yes,Partial Refund,-244821,info@hotel516@yahoo.com,https://www.hotel.com,https://example.com/hotel145.jpg,Temporarily Closed,20-10-2024,05-06-2025
HT090,MP049,Lodge Tower,Lodge,2,3.4,3743,952,2.8,Imphal West,"Hill Top 19, Imphal West, Manipur",25.4811,94.3383,02:00 Nungthil,12:00 Nungthil,93,50,Standard,No,Yes,Yes,Yes,No,No,No,Yes,Yes,No,No,No,No,Non Refundable,-556594,info@hotel32@hotmail.com,https://www.hotel.com,https://example.com/hotel90.jpg,Open,10-05-2025,18-07-2025
HT041,MP019,Inn Classic,Guest House,2,3.8,4180,3885,19.2,Senapati,"Lake View 77, Senapati, Manipur",25.335,94.392,12:00 Nungthil,11:00 Ayuk,156,62,Standard,No,Yes,No,No,Yes,Yes,Yes,No,No,Yes,No,No,No,Partial Refund,-131138,info@hotel626@tourism.in,https://www.hotel.com,https://example.com/hotel41.jpg,Under Renovation,23-10-2024,14-05-2025
HT121,MP029,Camp Mountain 29,Hotel,3,3.4,1381,6845,12,Bishnupur,"Hill Top 63, Bishnupur, Manipur",24.4796,93.5673,01:00 Nungthil,10:00 Ayuk,91,86,Suite,Yes,Yes,No,Yes,Yes,Yes,Yes,Yes,No,No,No,No,No,Free Cancellation,-840985,info@hotel.com,https://www.hotel.com,https://example.com/hotel121.jpg,Open,06-08-2025,01-02-2025
HT150,MP038,Retreat Boutique,Guest House,5,2.9,1986,13341,13.5,Kakching,"Airport Road 97, Kakching, Manipur",25.2957,93.0469,02:00 Nungthil,10:00 Ayuk,242,156,Deluxe,No,No,No,No,No,No,No,No,No,Yes,Yes,Yes,No,Partial Refund,-541624,info@hotel.com,https://www.hotel.com,https://example.com/hotel150.jpg,Temporarily Closed,01-07-2025,24-07-2025
HT050,MP003, Hotel Heritage 97,Hotel,5,3.7,189,14086,7.3,Senapati,"Market Area 64, Senapati, Manipur ",24.8273,93.2536,12:00 Nungthil,12:00 Nungthil,159,39,Family Room,Yes,No,Yes,Yes,No,No,No,Yes,No,No,No,Yes,Yes,Non Refundable,-621466,info@hotel440@outlook.com,https://www.hotel.com,https://example.com/hotel50.jpg,Temporarily Closed,14-08-2024,17-01-2025
HT030,MP028,Resort Grand,Homestay,3,5,4834,8003,1.9,Bishnupur,"Lake View 96, Bishnupur, Manipur",25.1768,93.9398,01:00 Nungthil,10:00 Ayuk,96,24,Family Room,No,No,No,No,No,No,Yes,Yes,No,Yes,No,Yes,No,Partial Refund,-529189,info@hotel88@gmail.com,https://www.hotel.com,https://example.com/hotel30.jpg,Temporarily Closed,19-09-2025,15-03-2026
HT047,MP037,Hotel Lake,Resort,2,4.2,3671,9906,14.2,Ukhrul,"Market Area 40, Ukhrul, Manipur",25.3191,93.9339,01:00 Nungthil,11:00 Ayuk,65,4,Suite,No,Yes,No,No,Yes,No,No,Yes,No,Yes,No,No,Yes,Non Refundable,-710170,info@hotel338@yahoo.com,https://www.hotel.com,https://example.com/hotel47.jpg,Under Renovation,03-01-2024,16-02-2025
HT012,MP002,Inn Grand,Heritage Hotel,2,5.9,4352,7971,3.3,Noney,"Main Road 49, Noney, Manipur",24.5857,93.8957,02:00 Nungthil,10:00 Ayuk,189,0,Standard,No,No,Yes,Yes,Yes,No,No,No,Yes,No,Yes,Yes,No,Partial Refund,-698776,info@hotel.com,https://www.hotel.com,https://example.com/hotel12.jpg,Open,17-08-2025,18-05-2025
HT147,MP061,Hotel Garden 50,Boutique Hotel,5,3.6,3379,4253,0.6,Jiribam,"Main Road 21, Jiribam, Manipur",24.5955,93.6707,02:00 Nungthil,12:00 Nungthil,38,9,Family Room,No,No,No,Yes,Yes,No,Yes,No,Yes,Yes,Yes,Yes,No,Non Refundable,-214081,info@hotel951@outlook.com,https://www.hotel.com,https://example.com/hotel147.jpg,Open,22-07-2024,05-09-2026
HT113,MP005,Guest House Classic 55,Heritage Hotel,3,4.4,1569,3207,15,Kangpokpi,"Airport Road 19, Kangpokpi, Manipur",25.2668,94.0565,12:00 Nungthil,12:00 Nungthil,71,56,Executive,No,Yes,No,No,No,No,No,Yes,Yes,Yes,Yes,Yes,No,Partial Refund,-510218,info@hotel811@manipurhotels.com,https://www.hotel.com,https://example.com/hotel113.jpg,Temporarily Closed,09-09-2024,09-07-2025
HT132,MP023,Hotel Grand 80,Resort,5,5.9,2871,7150,12.6,Noney,"Airport Road 10, Noney, Manipur",24.6744,93.8881,12:00 Nungthil,12:00 Nungthil,238,76,Executive,Yes,Yes,Yes,Yes,Yes,No,No,Yes,No,No,Yes,No,No,Free Cancellation,-709958,info@hotel380@outlook.com,https://www.hotel.com,https://example.com/hotel132.jpg,Open,12-10-2024,08-12-2025
HT083,MP022,Guest House Garden 23,Boutique Hotel,1,3.4,3411,2431,6.4,Kamjong,"Airport Road 73, Kamjong, Manipur",24.5915,94.3707,01:00 Nungthil,12:00 Nungthil,127,62,Family Room,No,No,No,Yes,Yes,No,No,No,Yes,No,No,Yes,No,Partial Refund,-150436,info@hotel507@yahoo.com,https://www.hotel.com,https://example.com/hotel83.jpg,Under Renovation,25-08-2025,06-10-2025
HT118,MP016,Palace Green 22,Lodge,1,3,1470,7938,14.4,Kamjong,"Main Road 27, Kamjong, Manipur",25.1737,93.1425,01:00 Nungthil,10:00 Ayuk,117,9,Standard,No,No,No,No,No,Yes,No,No,No,Yes,No,Yes,No,Non Refundable,-251999,info@hotel128@outlook.com,https://www.hotel.com,https://example.com/hotel118.jpg,Under Renovation,10-11-2024,13-06-2026
HT031,MP045,Retreat Comfort,Lodge,3,3.9,1523,13210,12.3,Kamjong,"Lake View 24, Kamjong, Manipur",25.2912,94.4452,01:00 Nungthil,12:00 Nungthil,154,121,Deluxe,Yes,Yes,No,No,Yes,Yes,No,No,Yes,Yes,Yes,Yes,Yes,Partial Refund,-918879,info@hotel524@manipurhotels.com,https://www.hotel.com,https://example.com/hotel31.jpg,Open,14-08-2025,18-05-2025
HT108,MP032,Resort Boutique 87,Guest House,1,4.5,4467,4882,15.6,Kangpokpi,"Main Road 30, Kangpokpi, Manipur",24.7586,93.5639,01:00 Nungthil,10:00 Ayuk,197,120,Executive,No,No,Yes,Yes,Yes,Yes,Yes,Yes,Yes,Yes,No,Yes,No,Partial Refund,-18108,info@hotel.com,https://www.hotel.com,https://example.com/hotel108.jpg,Open,02-07-2023,15-08-2026
HT082,MP014,Inn Park,lodge,5,4.1,2126,9360,5.8,Imphal West,"Market Area 4, Imphal West, Manipur",24.0744,93.2603,02:00 Nungthil,11:00 Ayuk,10,1,Suite,No,Yes,No,Yes,No,No,Yes,No,No,Yes,Yes,No,Yes,Non Refundable,-331597,info@hotel564@tourism.in,https://www.hotel.com,https://example.com/hotel82.jpg,Open,18-12-2025,23-01-2026
HT074,MP006,Retreat Park,Hotel,1,4.7,3609,14880,19.9,Imphal East,"Hill Top 35, Imphal East, Manipur",25.4758,93.4177,12:00 Nungthil,11:00 Ayuk,230,172,Standard,Yes,No,No,Yes,Yes,Yes,No,Yes,Yes,No,Yes,No,No,Free Cancellation,-691885,info@hotel394@yahoo.com,https://www.hotel.com,https://example.com/hotel74.jpg,Open,12-07-2023,25-01-2026
HT102,MP039,Lodge Eco 21,Guest House,3,5.9,1964,6226,18.1,Churachandpur,"Market Area 2, Churachandpur, Manipur",24.3359,93.6967,12:00 Nungthil,10:00 Ayuk,184,161,Deluxe,Yes,Yes,Yes,Yes,Yes,No,Yes,No,No,Yes,No,Yes,No,Free Cancellation,-229807,info@hotel.com,https://www.hotel.com,https://example.com/hotel102.jpg,Temporarily Closed,25-05-2025,13-03-2026
HT021,MP018,Palace View,Lodge,4,2.7,687,7989,1.1,Imphal West,"Main Road 32, Imphal West, Manipur",25.3707,94.0628,02:00 Nungthil,12:00 Nungthil,150,59,Family Room,No,Yes,Yes,Yes,No,No,No,Yes,No,No,Yes,Yes,Yes,Non Refundable,-687922,info@hotel936@gmail.com,https://www.hotel.com,https://example.com/hotel21.jpg,Temporarily Closed,03-10-2025,01-10-2026
HT056,MP028,Resort Royal,Eco Resort,3,2.9,4611,3425,6.3,Imphal West,"Hill Top 69, Imphal West, Manipur",24.1096,93.6317,12:00 Nungthil,12:00 Nungthil,97,88,Executive,Yes,Yes,No,Yes,No,Yes,Yes,Yes,Yes,Yes,No,Yes,Yes,Free Cancellation,-946604,info@hotel.com,https://www.hotel.com,https://example.com/hotel56.jpg,Under Renovation,18-11-2023,10-12-2025
HT116,MP013,Homestay Boutique,Guest House,3,4.8,383,5761,10.9,Ukhrul,"Market Area 26, Ukhrul, Manipur",24.8543,93.7501,02:00 Nungthil,10:00 Ayuk,137,57,Executive,No,No,Yes,No,Yes,No,No,No,Yes,Yes,No,Yes,Yes,Non Refundable,-700318,info@hotel.com,https://www.hotel.com,https://example.com/hotel116.jpg,Open,17-06-2023,13-03-2025
HT028,MP031,Hotel Grand,Boutique Hotel,1,3.1,3487,7053,12.3,Jiribam,"Main Road 64, Jiribam, Manipur",24.0884,93.0998,02:00 Nungthil,11:00 Ayuk,87,25,Suite,No,Yes,Yes,Yes,No,No,No,Yes,No,No,Yes,No,Yes,Non Refundable,-244381,info@hotel.com,https://www.hotel.com,https://example.com/hotel28.jpg,Open,16-06-2024,22-12-2026
HT126,MP043,Retreat Eco 56,Boutique Hotel,5,4.9,2987,12467,1.9,Imphal East,"Hill Top 34, Imphal East, Manipur",24.0575,93.5182,01:00 Nungthil,11:00 Ayuk,248,67,Family Room,Yes,Yes,Yes,No,Yes,Yes,No,No,No,No,Yes,No,No,Partial Refund,-536275,info@hotel.com,https://www.hotel.com,https://example.com/hotel126.jpg,Under Renovation,17-11-2023,24-05-2025
HT124,MP040,Retreat Green,Guest House,4,2.5,4629,12975,13.9,Tengnoupal,"Hill Top 98, Tengnoupal, Manipur",24.6554,94.4447,02:00 Nungthil,11:00 Ayuk,162,128,Deluxe,No,No,Yes,No,Yes,No,Yes,Yes,Yes,No,Yes,Yes,Yes,Free Cancellation,-858555,info@hotel.com,https://www.hotel.com,https://example.com/hotel124.jpg,Under Renovation,17-11-2024,14-09-2025
HT103,MP047,Guest House Grand,Hotel,3,5,179,6699,3.4,Chandel,"Lake View 70, Chandel, Manipur",24.4226,93.197,12:00 Nungthil,11:00 Ayuk,174,166,Deluxe,No,Yes,Yes,No,Yes,Yes,Yes,No,Yes,No,No,No,No,Free Cancellation,-256809,info@hotel686@hotmail.com,https://www.hotel.com,https://example.com/hotel103.jpg,Temporarily Closed,23-10-2024,02-11-2025
