Restaurant_ID,Place_ID,Restaurant_Name,Restaurant_Type,Cuisine,Average_Rating,Total_Reviews,Average_Cost_For_Two_INR,Distance_From_Place_KM,District,Address,Latitude,Longitude,Opening_Time,Closing_Time,Seating_Capacity,Indoor_Seating,Outdoor_Seating,Takeaway,Home_Delivery,Online_Booking,Vegetarian,Vegan,Non_Vegetarian,Local_Manipuri_Food,Parking,Wheelchair_Accessible,Family_Friendly,Payment_Method,Phone_Number,Email,Official_Website,Image_URL,Status,Created_Date,Updated_Date
RS047,MP015,Green Cafe,Family Restaurant,Fusion,2.6,1649,2879,11,tamenglong,"Hill Side 11, Tamenglong, Manipur",24.4747,94.2734,11:00 Ayuk,12:00 Ayuk,65,Yes,No,Yes,Yes,Yes,No,No,No,No,Yes,No,Yes,All,-928680,info@restaurant117@tourism.in,https://www.restaurant.com,https://example.com/rest47.jpg,Open,19-12-2024,02-04-2026
RS107,MP029,Tharon Cafe,Cafe,"Continental, Cafe",3.4,1494,291,9.7,Ukhrul,"Airport Road 18, Ukhrul, Manipur",24.2063,93.0638,11:00 Ayuk,08:00 Nungthil,144,No,No,Yes,Yes,No,Yes,No,No,No,Yes,No,Yes,Debit Card,-305560,info@restaurant493@gmail.com,https://www.restaurant.com,https://example.com/rest107.jpg,Temporarily Closed,13-02-2024,04-09-2025
RS170,MP014,Heritage Dhaba 1,Restaurant,Indian,3.3,5359,537,10.4,Churachandpur,"Airport Road 52, Churachandpur, Manipur",25.3364,94.4295,10:00 Ayuk,12:00 Ayuk,23,No,Yes,No,Yes,No,Yes,No,Yes,Yes,Yes,Yes,No,Net Banking,-372090,info@restaurant734@yahoo.com,https://www.restaurant.com,https://example.com/rest170.jpg,Under Renovation,11-11-2025,12-08-2025
RS119,MP058,Heritage Kitchen 1,Restaurant,"Indian, Chinese",4.5,4724,1111,1.3,Imphal West,"Airport Road 99, Imphal West, Manipur",25.0712,93.8663,10:00 Ayuk,08:00 Nungthil,34,No,Yes,Yes,No,No,No,No,No,No,No,No,Yes,Cash,-777305,info@restaurant72@gmail.com,https://www.restaurant.com,https://example.com/rest119.jpg,Temporarily Closed,24-08-2025,05-12-2026
RS091,MP024,Kangla Food Court,Restaurant,Vegetarian,6.3,5152,1202,0.8,Tamenglong,"Temple Road 88, Tamenglong, Manipur",25.4767,94.4758,11:00 Ayuk,12:00 Ayuk,152,No,No,No,No,No,No,Yes,No,No,Yes,No,No,Net Banking,-956383,info@restaurant641@manipurfoods.com,https://www.restaurant.com,https://example.com/rest91.jpg,Temporarily Closed,21-11-2025,12-11-2026
RS066,MP037,Dzuko Diner,Bakery,"Vegetarian, Fast Food",4.1,3115,1756,9.1,Chandel,"Hill Side 59, Chandel, Manipur",24.2651,93.4084,11:00 Ayuk,12:00 Ayuk,172,No,No,Yes,No,Yes,Yes,No,Yes,Yes,Yes,No,No,Credit Card,-188647,info@restaurant97@gmail.com,https://www.restaurant.com,https://example.com/rest66.jpg,Temporarily Closed,17-03-2025,23-11-2026
RS072,MP047,Keibul Spot 1,Food Court,Cafe,4.6,5497,924,12.1,Churachandpur,"Airport Road 8, Churachandpur, Manipur",24.7651,93.6044,11:00 Ayuk,11:00 Nungthil,135,Yes,No,No,No,No,No,Yes,Yes,No,Yes,Yes,No,UPI,-586294,info@restaurant324@hotmail.com,https://www.restaurant.com,https://example.com/rest72.jpg,Under Renovation,25-09-2024,01-07-2025
RS020,MP024,Green Food Court,Food Court,Fast Food,4.5,2916,1855,0.4,Senapati,"Lake Front 44, Senapati, Manipur",24.3052,93.289,11:00 Ayuk,11:00 Nungthil,164,Yes,Yes,Yes,Yes,No,No,No,No,No,Yes,No,Yes,UPI,-493967,info@restaurant21@tourism.in,https://www.restaurant.com,https://example.com/rest20.jpg,Open,02-12-2024,07-12-2025
RS103,MP003,Loktak House,Restaurant,"Vegetarian, Fast Food",2.5,3842,1243,1.9,Ukhrul,"Hill Side 17, Ukhrul, Manipur",25.483,93.1013,10:00 Ayuk,08:00 Nungthil,296,No,No,No,Yes,No,Yes,Yes,Yes,No,Yes,Yes,No,"Cash, UPI",-686771,info@restaurant222@tourism.in,https://www.restaurant.com,https://example.com/rest103.jpg,Temporarily Closed,21-03-2024,22-07-2025
RS204,MP039,Dzuko Food Court,Restaurant,Cafe,2.9,4198,1224,14.4,Bishnupur,"Temple Road 6, Bishnupur, Manipur",25.4057,94.4614,10:00 Ayuk,10:00 Nungthil,33,Yes,No,Yes,No,No,No,No,No,Yes,No,Yes,No,Credit Card,-824023,info@restaurant.com,https://www.restaurant.com,https://example.com/rest4.jpg,Under Renovation,20-07-2024,14-03-2025
RS063,MP051,Heritage View,Tea House,Tibetan,4.8,3448,2417,13.6,Chandel,"Hill Side 73, Chandel, Manipur",25.109,94.018,07:00 Ayuk,12:00 Ayuk,246,Yes,No,No,No,No,Yes,Yes,No,Yes,Yes,Yes,Yes,Debit Card,-217490,info@restaurant711@hotmail.com,https://www.restaurant.com,https://example.com/rest63.jpg,Open,18-11-2023,22-06-2025
RS040,MP033,Valley Food Court,Fast Food,Tibetan,3.5,1848,1539,11.7,Ukhrul,"Airport Road 84, Ukhrul, Manipur",24.7427,93.6619,08:00 Ayuk,09:00 Nungthil,297,No,No,No,No,Yes,No,No,No,Yes,Yes,No,No,Credit Card,-303888,info@restaurant345@restaurant.in,https://www.restaurant.com,https://example.com/rest40.jpg,Open,13-11-2023,10-09-2026
RS069,MP022,Valley Garden,Food Court,"Manipuri, Indian",4.7,5129,2766,10.7,Kakching,"Airport Road 5, Kakching, Manipur",24.0223,93.9927,07:00 Ayuk,12:00 Ayuk,61,No,No,Yes,Yes,No,Yes,No,No,No,Yes,Yes,Yes,UPI,,,NULL,https://example.com/rest69.jpg,Under Renovation,02-06-2024,22-09-2026
RS143,MP019,Kangla Diner,Fast Food,Tibetan,2.8,3342,2445,4.9,Tamenglong,"Market Street 97, Tamenglong, Manipur",25.3192,93.5645,08:00 Ayuk,10:00 Nungthil,236,No,No,No,No,No,No,No,No,Yes,Yes,No,No,Net Banking,-398430,info@restaurant705@yahoo.com,NULL,https://example.com/rest143.jpg,Temporarily Closed,19-06-2025,16-06-2025
RS003,MP009,Tharon Spot,Eco Cafe,"Indian, Chinese",5,5233,2325,4.2,Kakching,"Airport Road 100, Kakching, Manipur",24.3793,93.9391,09:00 Ayuk,08:00 Nungthil,143,Yes,No,No,Yes,No,Yes,No,No,No,No,No,Yes,Digital Wallet,-939446,info@restaurant31@yahoo.com,https://www.restaurant.com,https://example.com/rest3.jpg,Under Renovation,07-09-2025,10-11-2025
RS203,MP009,Tharon Spot,Eco Cafe,"Indian, Chinese",5,5233,2325,4.2,Kakching,"Airport Road 100, Kakching, Manipur",24.3793,93.9391,09:00 Ayuk,08:00 Nungthil,143,Yes,No,No,Yes,No,Yes,No,No,No,No,No,Yes,Digital Wallet,-939446,info@restaurant31@yahoo.com,https://www.restaurant.com,https://example.com/rest3.jpg,Under Renovation,07-09-2025,10-11-2025
RS200,MP050,Dzuko Joint 1,Fine Dining,Cafe,3.1,1318,1932,7.7,Noney,"Hill Side 98, Noney, Manipur",24.5852,94.4341,11:00 Ayuk,09:00 Nungthil,107,Yes,Yes,No,Yes,No,No,No,Yes,Yes,No,No,Yes,Net Banking,-240329,info@restaurant52@gmail.com,NULL,https://example.com/rest200.jpg,Under Renovation,02-05-2025,21-05-2025
RS015,MP041,Green Inn,Street Food,"Vegetarian, Fast Food",2.6,272,1472,3.4,Churachandpur,"Airport Road 26, Churachandpur, Manipur",24.7033,93.1603,07:00 Ayuk,12:00 Ayuk,239,Yes,Yes,No,Yes,No,No,No,Yes,No,No,No,No,All,-7976,info@restaurant658@hotmail.com,https://www.restaurant.com,https://example.com/rest15.jpg,Under Renovation,15-02-2025,06-12-2025
RS111,MP009,Bamboo House,Bakery,"Vegetarian, Fast Food",3.3,381,1438,4,Bishnupur,"Airport Road 14, Bishnupur, Manipur",24.0978,93.1871,10:00 Ayuk,10:00 Nungthil,270,No,Yes,Yes,No,Yes,Yes,No,No,Yes,No,Yes,No,All,-988530,info@restaurant792@manipurfoods.com,https://www.restaurant.com,https://example.com/rest111.jpg,Temporarily Closed,13-09-2025,14-05-2025
RS044,MP052,Bamboo Taste,Family Restaurant,"Vegetarian, Fast Food",4.5,1198,2276,11.8,Noney,"Lake Front 29, Noney, Manipur",24.5826,93.1375,08:00 Ayuk,11:00 Nungthil,21,Yes,Yes,No,No,No,Yes,Yes,No,Yes,No,Yes,Yes,Credit Card,-364129,info@restaurant638@gmail.com,NULL,https://example.com/rest44.jpg,Under Renovation,07-07-2025,01-12-2025
RS187,MP008,Tharon Garden,Bakery,"Manipuri, Chinese",2.8,1982,2859,10.5,Churachandpur,"Market Street 94, Churachandpur, Manipur",24.6503,93.9792,10:00 Ayuk,09:00 Nungthil,108,Yes,No,No,Yes,Yes,Yes,No,No,Yes,Yes,Yes,No,All,-815009,info@restaurant706@restaurant.in,NULL,https://example.com/rest187.jpg,Under Renovation,07-06-2024,19-06-2025
RS043,MP038,Keibul Bites,Cafe,"Vegetarian, Fast Food",4.5,2136,1742,6,Ukhrul,"Main Road 24, Ukhrul, Manipur",24.023,93.5751,10:00 Ayuk,10:00 Nungthil,193,No,No,No,No,Yes,Yes,Yes,Yes,No,Yes,Yes,Yes,Debit Card,-827507,info@restaurant.com,https://www.restaurant.com,https://example.com/rest43.jpg,Temporarily Closed,24-05-2024,03-09-2025
RS183,MP067,Heritage Diner 1,Street Food,"Vegetarian, Fast Food",3.1,1341,409,8.4,Bishnupur,"Temple Road 51, Bishnupur, Manipur",25.3989,93.6436,11:00 Ayuk,11:00 Nungthil,222,Yes,No,Yes,No,Yes,No,Yes,No,No,Yes,No,No,Credit Card,-328019,info@restaurant.com,https://www.restaurant.com,https://example.com/rest183.jpg,Under Renovation,13-01-2024,09-12-2025
RS017,MP041, Mountain Food Court,Eco Cafe,"Manipuri, Chinese",2.6,3257,1002,11.4,Tengnoupal,"Lake Front 87, Tengnoupal, Manipur ",24.7742,93.7061,07:00 Ayuk,11:00 Nungthil,252,No,No,No,No,No,No,No,No,Yes,No,Yes,No,Credit Card,-323783,info@restaurant.com,https://www.restaurant.com,https://example.com/rest17.jpg,Under Renovation,18-04-2024,10-04-2026
RS185,MP016,Mountain Food Court 1,Tea House,Chinese,3.8,274,457,6.9,Bishnupur,"Main Road 81, Bishnupur, Manipur",24.0781,93.4735,08:00 Ayuk,12:00 Ayuk,283,Yes,No,Yes,Yes,No,Yes,No,Yes,Yes,No,No,Yes,UPI,-967769,info@restaurant.com,https://www.restaurant.com,https://example.com/rest185.jpg,Under Renovation,21-02-2023,15-02-2026
RS128,MP037,Heritage Delight,Tea House,Vegetarian,3.3,350,1322,9.2,Kakching,"Market Street 47, Kakching, Manipur",24.841,94.1465,11:00 Ayuk,10:00 Nungthil,157,Yes,No,Yes,Yes,No,No,Yes,No,Yes,No,Yes,Yes,Net Banking,-541323,info@restaurant685@tourism.in,https://www.restaurant.com,https://example.com/rest128.jpg,Open,05-01-2024,16-07-2025
RS031,MP036,Heritage Flavours,Eco Cafe,Fusion,5.7,1503,2158,8.4,Churachandpur,"Hill Side 23, Churachandpur, Manipur",24.2059,94.4694,09:00 Ayuk,11:00 Nungthil,163,Yes,No,Yes,Yes,No,No,Yes,Yes,Yes,Yes,No,No,Debit Card,-836191,info@restaurant521@yahoo.com,https://www.restaurant.com,https://example.com/rest31.jpg,Under Renovation,07-04-2025,12-05-2025
RS186,MP031,Orchid Taste,Tea House,Fast Food,5,4088,2687,10.9,Bishnupur,"Airport Road 15, Bishnupur, Manipur",24.0084,94.0428,09:00 Ayuk,12:00 Ayuk,61,No,Yes,Yes,No,No,No,No,No,Yes,No,No,No,"Cash, UPI",-625884,info@restaurant774@hotmail.com,https://www.restaurant.com,https://example.com/rest186.jpg,Temporarily Closed,06-03-2025,07-01-2026
RS050,MP065,Moira Diner,Restaurant,"Continental, Cafe",3.6,2838,690,1.1,Kamjong,"Airport Road 79, Kamjong, Manipur",24.2414,94.1508,08:00 Ayuk,08:00 Nungthil,156,No,Yes,No,No,Yes,No,No,No,Yes,Yes,No,No,All,-820846,info@restaurant220@restaurant.in,https://www.restaurant.com,https://example.com/rest50.jpg,Temporarily Closed,03-11-2024,22-05-2026
RS105,MP055,Lake House,Eco Cafe,"Manipuri, Indian",4,2459,978,6.9,Tamenglong,"Airport Road 86, Tamenglong, Manipur",25.3753,93.1858,07:00 Ayuk,09:00 Nungthil,295,No,Yes,Yes,No,No,No,Yes,No,Yes,No,Yes,Yes,Digital Wallet,-243187,info@restaurant.com,https://www.restaurant.com,https://example.com/rest105.jpg,Temporarily Closed,09-10-2023,14-05-2026
RS102,MP008,Kangla Flavours,Bakery,Fast Food,2.8,1423,2391,4.3,Imphal East,"Main Road 77, Imphal East, Manipur",24.516,94.2927,09:00 Ayuk,09:00 Nungthil,268,No,Yes,No,Yes,Yes,Yes,Yes,No,No,No,No,No,Digital Wallet,-136362,info@restaurant301@hotmail.com,https://www.restaurant.com,https://example.com/rest102.jpg,Temporarily Closed,10-07-2023,05-09-2025
RS087,MP066,Valley Kitchen 1,Tea House,Thai,4.8,1240,2712,10.1,TENGNOUPAL,"Airport Road 85, Tengnoupal, Manipur",24.3112,93.3672,07:00 Ayuk,11:00 Nungthil,245,No,No,Yes,Yes,No,Yes,Yes,No,No,Yes,No,No,Credit Card,-522066,info@restaurant355@restaurant.in,https://www.restaurant.com,https://example.com/rest87.jpg,Open,06-09-2023,17-07-2026
RS054,MP056,Ima Kitchen 1,Fine Dining,Bakery,2.6,1887,2123,1.6,Ukhrul,"Market Street 60, Ukhrul, Manipur",24.1174,93.1235,08:00 Ayuk,11:00 Nungthil,39,No,No,No,No,No,Yes,Yes,Yes,No,No,No,No,Debit Card,-481150,info@restaurant49@yahoo.com,https://www.restaurant.com,https://example.com/rest54.jpg,Temporarily Closed,08-10-2023,04-02-2025
RS122,MP013,Lake Spot,Cafe,Bakery,3.2,4285,1000,4.8,Senapati,"Hill Side 99, Senapati, Manipur",24.1708,93.4753,08:00 Ayuk,09:00 Nungthil,183,Yes,Yes,No,No,No,Yes,No,Yes,No,Yes,Yes,Yes,Debit Card,-308683,info@restaurant340@hotmail.com,https://www.restaurant.com,https://example.com/rest122.jpg,Open,02-02-2024,10-02-2025
RS202,MP059,Santhei Inn,Restaurant,Indian,4.3,3922,648,8,Jiribam,"Main Road 44, Jiribam, Manipur",25.3439,93.0704,09:00 Ayuk,10:00 Nungthil,179,No,No,Yes,No,No,No,No,Yes,Yes,Yes,No,Yes,Cash,-285718,info@restaurant632@gmail.com,https://www.restaurant.com,https://example.com/rest2.jpg,Temporarily Closed,04-01-2024,14-04-2026
RS201,MP015,Shirui Delight,Family Restaurant,"Manipuri, Indian",3.2,4165,2345,2.6,Bishnupur,"Main Road 35, Bishnupur, Manipur",25.1674,93.7299,08:00 Ayuk,11:00 Nungthil,218,No,No,No,No,No,No,Yes,No,Yes,Yes,Yes,No,All,-551924,info@restaurant819@hotmail.com,https://www.restaurant.com,https://example.com/rest1.jpg,Open,23-04-2023,15-06-2025
RS166,MP008,Eco Spot 1,Street Food,"Manipuri, Indian",4.1,4550,2344,2.4,Kakching,"Main Road 44, Kakching, Manipur",25.3675,93.3191,07:00 Ayuk,12:00 Ayuk,209,Yes,Yes,Yes,Yes,No,No,Yes,Yes,No,Yes,Yes,Yes,UPI,-425463,info@restaurant.com,NULL,https://example.com/rest166.jpg,Temporarily Closed,18-03-2024,18-02-2025
RS118,MP036,Green Delight,Food Court,Continental,3,4660,2560,1.4,Imphal West,"Main Road 82, Imphal West, Manipur",24.5603,93.3523,09:00 Ayuk,10:00 Nungthil,281,No,Yes,Yes,No,No,Yes,No,Yes,No,No,Yes,Yes,"Cash, UPI",-305578,info@restaurant115@gmail.com,https://www.restaurant.com,https://example.com/rest118.jpg,Open,02-10-2024,23-08-2026
RS042,MP017,Green House,Fast Food,Chinese,3.1,5191,2028,9.8,Pherzawl,"Lake Front 95, Pherzawl, Manipur",25.0436,93.7592,10:00 Ayuk,08:00 Nungthil,198,No,No,Yes,No,No,No,No,Yes,No,No,Yes,Yes,Debit Card,-925720,info@restaurant273@tourism.in,https://www.restaurant.com,https://example.com/rest42.jpg,Under Renovation,03-11-2024,02-08-2025
RS120,MP038,Spice Flavours,Restaurant,"Indian, Chinese",4.3,4662,1852,9.3,Chandel,"Lake Front 86, Chandel, Manipur",25.2887,94.3325,08:00 Ayuk,08:00 Nungthil,130,No,No,Yes,No,No,No,No,Yes,Yes,Yes,No,Yes,Digital Wallet,-218245,info@restaurant803@manipurfoods.com,https://www.restaurant.com,https://example.com/rest120.jpg,Temporarily Closed,12-12-2023,09-01-2025
RS168,MP027,Lake Flavours,Restaurant,Chinese,3.6,660,1537,11.5,Kakching,"Airport Road 77, Kakching, Manipur",25.3772,94.3702,07:00 Ayuk,09:00 Nungthil,124,No,No,No,Yes,No,Yes,No,Yes,Yes,No,Yes,Yes,UPI,-895894,info@restaurant.com,https://www.restaurant.com,https://example.com/rest168.jpg,Open,21-07-2025,11-06-2025
RS053,MP042,Dzuko Bites 1,Family Restaurant,Tibetan,5,4755,2266,3.9,Noney,"Market Street 82, Noney, Manipur",24.0111,93.5246,07:00 Ayuk,12:00 Ayuk,229,Yes,Yes,No,Yes,Yes,No,Yes,No,Yes,Yes,Yes,No,Net Banking,-123433,info@rbfs,https://www.restaurant.com,https://example.com/rest53.jpg,Open,16-07-2024,21-03-2025
RS090,MP035,Kangla Delight,Family Restaurant,Chinese,3.3,5937,1902,7.9,Senapati,"Market Street 81, Senapati, Manipur",24.5912,93.1106,11:00 Ayuk,12:00 Ayuk,131,No,No,No,Yes,No,Yes,Yes,Yes,Yes,Yes,No,No,Digital Wallet,-899308,info@restaurant.com,https://www.restaurant.com,https://example.com/rest90.jpg,Open,19-02-2025,18-09-2026
RS167,MP010,Heritage Diner,Bakery,Fast Food,4.6,3759,2692,13.2,Kangpokpi,"Market Street 94, Kangpokpi, Manipur",25.0277,93.4049,07:00 Ayuk,11:00 Nungthil,264,Yes,Yes,Yes,No,No,Yes,No,Yes,Yes,Yes,No,Yes,"Cash, UPI",-464502,info@restaurant933@manipurfoods.com,https://www.restaurant.com,https://example.com/rest167.jpg,Under Renovation,14-05-2025,16-06-2026
RS002,MP059,Santhei Inn,Restaurant,Indian,4.3,3922,648,8,Jiribam,"Main Road 44, Jiribam, Manipur",25.3439,93.0704,09:00 Ayuk,10:00 Nungthil,179,No,No,Yes,No,No,No,No,Yes,Yes,Yes,No,Yes,Cash,-285718,info@restaurant632@gmail.com,https://www.restaurant.com,https://example.com/rest2.jpg,Temporarily Closed,04-01-2024,14-04-2026
RS010,MP057,Royal Delight,Bakery,"Vegetarian, Fast Food",4.2,4038,1146,10.8,Kakching,"Market Street 27, Kakching, Manipur",24.9575,94.39,07:00 Ayuk,11:00 Nungthil,110,Yes,No,No,No,No,Yes,No,No,Yes,Yes,Yes,Yes,Digital Wallet,-889879,info@restaurant.com,NULL,https://example.com/rest10.jpg,Open,04-03-2024,01-04-2026
RS131,MP009,Valley Spot 1,Family Restaurant,"Indian, Chinese",2.9,3585,2232,12.1,Churachandpur,"Main Road 77, Churachandpur, Manipur",24.9366,93.0127,11:00 Ayuk,10:00 Nungthil,293,No,No,No,Yes,Yes,Yes,Yes,No,No,No,Yes,No,Digital Wallet,-330118,info@restaurant37@manipurfoods.com,https://www.restaurant.com,https://example.com/rest131.jpg,Open,10-08-2023,02-07-2026
RS114,MP030,Tharon House,Tea House,Cafe,4.8,3923,1686,13.2,Churachandpur,"Airport Road 25, Churachandpur, Manipur",24.6526,93.1003,08:00 Ayuk,10:00 Nungthil,126,Yes,No,Yes,Yes,No,No,No,No,Yes,No,Yes,Yes,Credit Card,-631074,info@restaurant337@gmail.com,https://www.restaurant.com,https://example.com/rest114.jpg,Temporarily Closed,01-03-2024,08-04-2026
RS171,MP049,Dzuko House 1,Fine Dining,"Continental, Cafe",2.5,4795,2933,3,Chandel,"Airport Road 42, Chandel, Manipur",24.5677,93.8007,10:00 Ayuk,12:00 Ayuk,45,Yes,Yes,Yes,No,Yes,Yes,Yes,Yes,No,No,Yes,No,Credit Card,-913185,info@restaurant594@restaurant.in,https://www.restaurant.com,https://example.com/rest171.jpg,Temporarily Closed,05-11-2025,11-02-2025
RS175,MP039,Santhei Diner,Bakery,Indian,4.3,3102,1091,0.2,Thoubal,"Main Road 30, Thoubal, Manipur",24.4598,93.8437,09:00 Ayuk,12:00 Ayuk,243,Yes,Yes,No,Yes,Yes,No,Yes,No,No,Yes,Yes,No,Digital Wallet,-307593,info@restaurant372@hotmail.com,https://www.restaurant.com,https://example.com/rest175.jpg,Temporarily Closed,09-10-2024,14-05-2026
RS138,MP048,Dzuko Delight 1,Family Restaurant,Tibetan,5,1445,218,6.9,Tengnoupal,"Lake Front 97, Tengnoupal, Manipur",24.2039,94.0343,10:00 Ayuk,11:00 Nungthil,94,Yes,No,No,Yes,No,No,Yes,Yes,Yes,Yes,Yes,Yes,Digital Wallet,-951050,info@restaurant953@manipurfoods.com,https://www.restaurant.com,https://example.com/rest138.jpg,Open,05-07-2023,12-09-2026
RS092,MP035,Shirui Cafe,Bakery,Manipuri,4.4,3650,1674,11,Tamenglong,"Hill Side 3, Tamenglong, Manipur",25.349,93.6122,08:00 Ayuk,09:00 Nungthil,140,No,No,Yes,No,No,No,No,No,No,No,No,Yes,Cash,-731642,info@restaurant691@hotmail.com,https://www.restaurant.com,https://example.com/rest92.jpg,Temporarily Closed,02-01-2024,17-11-2025
RS057,MP010, Moira Flavours 1,Food Court,"Manipuri, Chinese",4,672,1966,2.6,Ukhrul,"Main Road 35, Ukhrul, Manipur ",25.1857,93.7455,10:00 Ayuk,09:00 Nungthil,254,Yes,Yes,No,No,Yes,Yes,No,No,Yes,No,Yes,No,All,-230489,info@restaurant53@yahoo.com,NULL,https://example.com/rest57.jpg,Under Renovation,17-03-2024,12-04-2025
RS052,MP040,Loktak Food Court,Food Court,Indian,4.4,4029,482,11.2,Jiribam,"Main Road 82, Jiribam, Manipur",24.8754,93.7445,07:00 Ayuk,08:00 Nungthil,205,No,Yes,No,No,Yes,No,No,Yes,No,No,Yes,No,UPI,-261620,info@restaurant3@yahoo.com,https://www.restaurant.com,https://example.com/rest52.jpg,Open,10-04-2025,04-12-2026
RS169,MP050,Classic Taste,Family Restaurant,"Manipuri, Chinese",4.1,4034,863,4.1,Noney,"Main Road 10, Noney, Manipur",24.4672,93.8937,11:00 Ayuk,11:00 Nungthil,161,No,Yes,No,No,Yes,Yes,No,No,Yes,No,Yes,Yes,Debit Card,-109137,info@restaurant7@manipurfoods.com,https://www.restaurant.com,https://example.com/rest169.jpg,Under Renovation,03-02-2024,24-09-2026
RS045,MP040,Santhei Garden 1,Food Court,"Manipuri, Indian",2.9,1012,335,4,Tengnoupal,"Temple Road 62, Tengnoupal, Manipur",25.3746,93.3335,08:00 Ayuk,12:00 Ayuk,242,No,No,No,Yes,Yes,No,No,No,Yes,Yes,Yes,No,"Cash, UPI",,,NULL,https://example.com/rest45.jpg,Temporarily Closed,13-03-2025,16-02-2026
RS117,MP005,Santhei Dhaba,Tea House,"Continental, Cafe",3.2,1247,1298,12.7,Chandel,"Lake Front 59, Chandel, Manipur",24.3722,94.1359,08:00 Ayuk,09:00 Nungthil,29,No,Yes,Yes,No,No,Yes,Yes,Yes,Yes,No,Yes,No,Debit Card,-979855,info@restaurant.com,https://www.restaurant.com,https://example.com/rest117.jpg,Temporarily Closed,15-10-2024,14-09-2026
RS006,MP040,Moira Cafe,Eco Cafe,Vegetarian,4,2235,770,12,Ukhrul,"Lake Front 44, Ukhrul, Manipur",24.537,93.4453,11:00 Ayuk,12:00 Ayuk,223,Yes,Yes,No,Yes,No,Yes,Yes,Yes,No,Yes,Yes,Yes,"Cash, UPI",-849065,info@restaurant688@yahoo.com,https://www.restaurant.com,https://example.com/rest6.jpg,Open,03-12-2024,01-10-2025
RS136,MP044,Spice Joint 1,Eco Cafe,"Manipuri, Chinese",3.1,5066,875,5.7,Kakching,"Main Road 80, Kakching, Manipur",24.6022,93.6506,08:00 Ayuk,12:00 Ayuk,162,No,No,No,Yes,Yes,No,No,Yes,Yes,Yes,No,No,UPI,-874793,info@restaurant127@manipurfoods.com,https://www.restaurant.com,https://example.com/rest136.jpg,Under Renovation,10-04-2023,05-11-2026
RS083,MP007,Mountain Kitchen,Street Food,"Continental, Cafe",4.4,444,872,2.2,Noney,"Market Street 50, Noney, Manipur",24.1107,93.048,10:00 Ayuk,11:00 Nungthil,300,No,No,Yes,No,Yes,No,No,Yes,No,No,Yes,Yes,Digital Wallet,-765688,info@restaurant78@gmail.com,https://www.restaurant.com,https://example.com/rest83.jpg,Temporarily Closed,18-04-2024,14-08-2025
RS137,MP028,Classic Kitchen 1,Cafe,Vegetarian,3.3,4354,1937,13.3,Chandel,"Temple Road 15, Chandel, Manipur",25.2853,93.9255,11:00 Ayuk,12:00 Ayuk,144,No,No,No,Yes,Yes,No,No,No,No,Yes,No,No,Digital Wallet,-322713,info@restaurant.com,https://www.restaurant.com,https://example.com/rest137.jpg,Under Renovation,09-10-2024,15-11-2025
RS056,MP002,Heritage Spot,Cafe,Fast Food,4.6,1579,2679,12.3,Kangpokpi,"Airport Road 6, Kangpokpi, Manipur",24.8308,93.2378,07:00 Ayuk,12:00 Ayuk,196,No,No,No,Yes,No,No,Yes,Yes,Yes,Yes,No,No,All,-832175,info@restaurant495@hotmail.com,NULL,https://example.com/rest56.jpg,Under Renovation,16-12-2024,16-04-2025
RS013,MP068,Eco Dhaba,Street Food,"Manipuri, Indian",4.7,2191,1875,11.7,Kangpokpi,"Hill Side 35, Kangpokpi, Manipur",24.7598,94.0662,07:00 Ayuk,09:00 Nungthil,213,Yes,No,No,Yes,No,Yes,Yes,Yes,Yes,No,No,Yes,"Cash, UPI",-383765,info@ckfc,https://www.restaurant.com,https://example.com/rest13.jpg,Under Renovation,12-05-2025,15-11-2025
RS035,MP048,Royal Cafe,Eco Cafe,Tibetan,4.5,494,2259,14.9,Tengnoupal,"Airport Road 57, Tengnoupal, Manipur",24.4125,93.707,11:00 Ayuk,11:00 Nungthil,30,No,Yes,No,Yes,Yes,Yes,Yes,No,No,Yes,No,No,"Cash, UPI",-3474,info@restaurant301@gmail.com,https://www.restaurant.com,https://example.com/rest35.jpg,Temporarily Closed,14-03-2025,18-03-2025
RS178,MP042,Dzuko Kitchen,Eco Cafe,Chinese,3,5003,1626,13.1,Kangpokpi,"Hill Side 81, Kangpokpi, Manipur",24.6606,93.162,08:00 Ayuk,08:00 Nungthil,165,No,No,No,Yes,Yes,No,Yes,Yes,Yes,No,Yes,Yes,Debit Card,-778691,info@restaurant640@tourism.in,https://www.restaurant.com,https://example.com/rest178.jpg,Temporarily Closed,18-11-2025,05-02-2025
RS179,MP021,Eco Food Court,Food Court,Continental,3.9,1420,264,4.5,Imphal East,"Market Street 66, Imphal East, Manipur",24.4988,93.0076,08:00 Ayuk,08:00 Nungthil,247,Yes,Yes,Yes,Yes,Yes,Yes,No,No,Yes,No,Yes,Yes,Cash,-874688,info@restaurant253@restaurant.in,https://www.restaurant.com,https://example.com/rest179.jpg,Open,21-12-2023,02-07-2026
RS005,MP018,Moira Dhaba,Cafe,Cafe,4.1,4484,513,3.6,Noney,"Airport Road 49, Noney, Manipur",24.5021,93.227,09:00 Ayuk,12:00 Ayuk,165,No,Yes,Yes,No,No,No,No,Yes,Yes,No,Yes,No,Credit Card,,,NULL,https://example.com/rest5.jpg,Open,16-06-2023,08-06-2025
RS106,MP015,Lake Diner 2,Fine Dining,Thai,2.7,4450,2680,0.6,Kangpokpi,"Airport Road 90, Kangpokpi, Manipur",24.0954,94.4932,07:00 Ayuk,08:00 Nungthil,262,Yes,No,Yes,Yes,Yes,Yes,Yes,No,No,No,Yes,Yes,All,-219812,info@restaurant957@gmail.com,https://www.restaurant.com,https://example.com/rest106.jpg,Under Renovation,18-02-2023,21-05-2026
RS124,MP070,Shirui Garden,Bakery,"Indian, Chinese",4.4,4236,296,0.7,Ukhrul,"Airport Road 96, Ukhrul, Manipur",24.4459,94.2641,10:00 Ayuk,11:00 Nungthil,258,No,Yes,Yes,No,Yes,Yes,Yes,Yes,No,No,Yes,Yes,Cash,-164860,info@restaurant728@hotmail.com,https://www.restaurant.com,https://example.com/rest124.jpg,Open,20-07-2023,08-08-2025
RS060,MP011,Spice Flavours 1,Fine Dining,Fast Food,2.8,4735,2641,14.2,Chandel,"Market Street 8, Chandel, Manipur",24.5312,93.5843,07:00 Ayuk,10:00 Nungthil,161,No,No,No,Yes,No,Yes,No,No,No,No,No,No,Cash,-241895,info@restaurant.com,https://www.restaurant.com,https://example.com/rest60.jpg,Under Renovation,01-01-2023,10-04-2025
RS195,MP038,Lake Restaurant 1,Cafe,Manipuri,3.1,5257,2656,6.4,Imphal East,"Hill Side 24, Imphal East, Manipur",24.5903,94.2802,09:00 Ayuk,09:00 Nungthil,94,No,Yes,No,No,No,No,No,Yes,Yes,Yes,No,Yes,Net Banking,-909487,info@restaurant.com,NULL,https://example.com/rest195.jpg,Under Renovation,05-06-2025,06-09-2026
RS147,MP053,Lake Joint,Fast Food,"Continental, Cafe",3.1,168,936,1.1,Kangpokpi,"Airport Road 63, Kangpokpi, Manipur",24.2103,93.3023,10:00 Ayuk,08:00 Nungthil,269,No,Yes,No,Yes,Yes,No,No,No,Yes,No,Yes,No,All,-449719,info@restaurant.com,https://www.restaurant.com,https://example.com/rest147.jpg,Open,19-10-2025,17-11-2026
RS036,MP046,Classic Diner,Tea House,"Indian, Chinese",3.8,199,1284,12.8,Thoubal,"Hill Side 61, Thoubal, Manipur",24.7201,93.9879,08:00 Ayuk,09:00 Nungthil,103,No,Yes,Yes,Yes,Yes,No,Yes,No,Yes,Yes,Yes,Yes,UPI,-751092,info@restaurant.com,NULL,https://example.com/rest36.jpg,Under Renovation,23-07-2025,05-05-2025
RS196,MP047,Lake Food Court 1,Street Food,Tibetan,2.5,4370,384,13.9,Kamjong,"Main Road 16, Kamjong, Manipur",24.2198,93.0341,08:00 Ayuk,11:00 Nungthil,245,No,No,Yes,Yes,No,No,Yes,No,No,No,Yes,Yes,Digital Wallet,-453445,info@restaurant321@tourism.in,https://www.restaurant.com,https://example.com/rest196.jpg,Under Renovation,07-02-2023,22-03-2026
RS007,MP005,Loktak Garden,Fine Dining,Cafe,3.2,2419,817,11.8,IMPHAL EAST,"Temple Road 55, Imphal East, Manipur",25.2674,93.6818,10:00 Ayuk,12:00 Ayuk,169,Yes,Yes,Yes,No,Yes,No,Yes,No,No,No,No,Yes,Credit Card,-337802,info@restaurant.com,https://www.restaurant.com,https://example.com/rest7.jpg,Temporarily Closed,01-10-2024,20-06-2025
RS034,MP021,Spice Food Court,Restaurant,Manipuri,3.5,2256,2964,9.3,Ukhrul,"Temple Road 70, Ukhrul, Manipur",24.7537,93.7819,11:00 Ayuk,11:00 Nungthil,168,No,Yes,No,No,Yes,No,Yes,Yes,No,No,Yes,Yes,UPI,-342869,info@restaurant360@yahoo.com,https://www.restaurant.com,https://example.com/rest34.jpg,Under Renovation,15-01-2024,24-10-2025
RS024,MP030,Royal Spot,Bakery,Thai,3.9,3658,1517,2.1,Thoubal,"Main Road 16, Thoubal, Manipur",24.9005,93.1239,10:00 Ayuk,12:00 Ayuk,281,Yes,Yes,No,Yes,No,No,Yes,Yes,Yes,No,No,No,Credit Card,-346210,info@restaurant.com,https://www.restaurant.com,https://example.com/rest24.jpg,Temporarily Closed,04-06-2023,14-02-2026
RS101,MP069,Green Garden,Fine Dining,Fast Food,3.2,1039,1283,12.3,Noney,"Main Road 17, Noney, Manipur",25.3165,93.0466,07:00 Ayuk,08:00 Nungthil,214,Yes,Yes,Yes,No,Yes,No,No,No,No,Yes,Yes,No,UPI,-957428,info@restaurant.com,https://www.restaurant.com,https://example.com/rest101.jpg,Temporarily Closed,21-12-2023,07-06-2026
RS116,MP026,Heritage Inn,Tea House,Cafe,3.7,1979,1922,8.7,Imphal West,"Main Road 9, Imphal West, Manipur",24.6991,93.7975,08:00 Ayuk,10:00 Nungthil,277,Yes,No,Yes,Yes,No,No,Yes,Yes,No,Yes,No,Yes,Debit Card,-156040,info@restaurant.com,NULL,https://example.com/rest116.jpg,Open,19-02-2023,25-10-2026
RS081,MP032,Keibul Kitchen,Fine Dining,Tibetan,4,4594,999,4.7,Senapati,"Market Street 37, Senapati, Manipur",25.4122,93.7968,08:00 Ayuk,08:00 Nungthil,92,Yes,No,No,Yes,Yes,Yes,No,Yes,Yes,Yes,Yes,No,UPI,-403796,info@restaurant350@yahoo.com,https://www.restaurant.com,https://example.com/rest81.jpg,Open,07-05-2025,14-09-2025
RS022,MP010,Bamboo Garden,Cafe,"Manipuri, Indian",4.7,3303,2408,6.9,Imphal East,"Main Road 91, Imphal East, Manipur",25.2336,93.4896,08:00 Ayuk,09:00 Nungthil,58,No,Yes,No,No,No,Yes,No,No,Yes,Yes,Yes,Yes,Credit Card,-304733,info@restaurant698@hotmail.com,https://www.restaurant.com,https://example.com/rest22.jpg,Open,21-04-2023,15-10-2026
RS014,MP001,Lake Food Court,Fast Food,"Vegetarian, Fast Food",3.5,477,2070,7.3,Jiribam,"Airport Road 35, Jiribam, Manipur",24.4716,93.1006,08:00 Ayuk,12:00 Ayuk,74,Yes,Yes,Yes,No,Yes,Yes,No,No,No,No,No,No,Debit Card,-470297,info@restaurant582@tourism.in,https://www.restaurant.com,https://example.com/rest14.jpg,Open,24-08-2024,11-11-2026
RS079,MP041,Eco Taste,Cafe,"continental, cafe",5,926,2623,4.4,Thoubal,"Airport Road 83, Thoubal, Manipur",24.0952,93.0604,09:00 Ayuk,12:00 Ayuk,199,No,Yes,No,No,No,No,Yes,Yes,Yes,No,No,No,Cash,-517431,info@restaurant793@yahoo.com,https://www.restaurant.com,https://example.com/rest79.jpg,Under Renovation,22-05-2025,20-04-2026
RS016,MP003,Spice Garden,Eco Cafe,Thai,3.7,2910,2514,10.5,Chandel,"Hill Side 95, Chandel, Manipur",25.498,93.2523,10:00 Ayuk,10:00 Nungthil,193,No,No,No,Yes,Yes,No,No,No,Yes,Yes,Yes,Yes,"Cash, UPI",-605940,info@restaurant933@manipurfoods.com,https://www.restaurant.com,https://example.com/rest16.jpg,Under Renovation,11-03-2023,06-04-2026
RS141,MP011,Dzuko Garden,Tea House,Fusion,4.5,497,1753,10.8,Imphal West,"Airport Road 62, Imphal West, Manipur",24.371,93.848,08:00 Ayuk,10:00 Nungthil,87,No,Yes,Yes,Yes,No,Yes,Yes,Yes,No,Yes,No,No,Credit Card,-746657,info@restaurant657@hotmail.com,NULL,https://example.com/rest141.jpg,Under Renovation,22-12-2023,21-03-2026
RS181,MP010,Classic View,Restaurant,Indian,2.7,2290,1309,14.5,Tamenglong,"Lake Front 1, Tamenglong, Manipur",24.0675,94.2743,09:00 Ayuk,12:00 Ayuk,277,No,No,Yes,Yes,Yes,Yes,No,Yes,No,Yes,No,Yes,Cash,-579725,info@restaurant.com,https://www.restaurant.com,https://example.com/rest181.jpg,Open,19-09-2025,17-09-2026
RS009,MP064,Kangla View,Fine Dining,"Continental, Cafe",4.8,904,724,0.2,Tamenglong,"Market Street 16, Tamenglong, Manipur",24.883,94.3293,07:00 Ayuk,12:00 Ayuk,169,No,No,No,Yes,No,No,Yes,No,No,Yes,Yes,Yes,Net Banking,,,NULL,https://example.com/rest9.jpg,Temporarily Closed,06-09-2025,04-10-2025
RS100,MP045,Eco Diner 1,Family Restaurant,Fusion,2.5,3897,953,8.1,Churachandpur,"Lake Front 84, Churachandpur, Manipur",24.6522,93.713,08:00 Ayuk,10:00 Nungthil,47,Yes,Yes,Yes,No,Yes,Yes,No,Yes,No,Yes,Yes,No,Net Banking,-315715,info@restaurant.com,https://www.restaurant.com,https://example.com/rest100.jpg,Temporarily Closed,09-05-2023,25-02-2025
RS161,MP045,Lake Kitchen 1,Food Court,Chinese,2.5,2599,1998,4.6,Noney,"Airport Road 97, Noney, Manipur",25.0952,94.3958,10:00 Ayuk,12:00 Ayuk,232,No,Yes,Yes,Yes,Yes,No,No,Yes,No,Yes,Yes,No,Credit Card,-970322,info@restaurant.com,NULL,https://example.com/rest161.jpg,Under Renovation,08-12-2025,21-02-2026
RS184,MP068,Ima Taste,Street Food,"Vegetarian, Fast Food",3.9,4765,2652,13.8,Kamjong,"Airport Road 31, Kamjong, Manipur",25.4381,93.8877,10:00 Ayuk,09:00 Nungthil,299,No,No,No,No,Yes,Yes,No,No,Yes,No,Yes,Yes,UPI,-685017,info@restaurant858@manipurfoods.com,https://www.restaurant.com,https://example.com/rest184.jpg,Temporarily Closed,14-06-2024,03-08-2025
RS163,MP039,Kangla Dhaba 1,Restaurant,Bakery,4.7,3468,998,8.3,Imphal East,"Airport Road 65, Imphal East, Manipur",24.053,93.6863,08:00 Ayuk,10:00 Nungthil,172,No,No,Yes,Yes,Yes,Yes,Yes,No,Yes,No,Yes,No,Debit Card,-983689,info@restaurant166@tourism.in,NULL,https://example.com/rest163.jpg,Temporarily Closed,19-06-2025,12-11-2026
RS149,MP027,Moira Garden 1,Food Court,"Manipuri, Chinese",4.8,324,2456,9.1,Pherzawl,"Lake Front 52, Pherzawl, Manipur",24.285,93.9676,10:00 Ayuk,11:00 Nungthil,21,Yes,No,Yes,No,Yes,No,No,Yes,No,Yes,No,Yes,Digital Wallet,-522271,info@restaurant928@restaurant.in,https://www.restaurant.com,https://example.com/rest149.jpg,Temporarily Closed,08-06-2023,25-04-2025
RS073,MP014,Bamboo Spot,Food Court,Cafe,4.4,4008,2251,0.9,Noney,"Main Road 98, Noney, Manipur",24.9089,93.8082,11:00 Ayuk,09:00 Nungthil,119,No,No,Yes,Yes,Yes,No,No,Yes,No,No,No,Yes,Cash,-700221,info@qkys,https://www.restaurant.com,https://example.com/rest73.jpg,Temporarily Closed,16-06-2025,06-08-2026
RS041,MP007,Royal Taste,Bakery,"Continental, Cafe",4.4,1156,1940,11.3,Imphal West,"Market Street 34, Imphal West, Manipur",25.1034,93.5407,08:00 Ayuk,09:00 Nungthil,267,Yes,Yes,Yes,No,No,No,No,No,No,No,No,No,Digital Wallet,-549693,info@restaurant346@tourism.in,https://www.restaurant.com,https://example.com/rest41.jpg,Under Renovation,17-12-2023,10-05-2026
RS164,MP052,Valley House,Restaurant,Tibetan,5,3206,1686,5.7,Thoubal,"Lake Front 37, Thoubal, Manipur",24.6035,93.9367,08:00 Ayuk,09:00 Nungthil,21,No,No,Yes,No,Yes,No,No,No,Yes,Yes,No,Yes,Debit Card,-879590,info@restaurant.com,https://www.restaurant.com,https://example.com/rest164.jpg,Open,02-03-2024,11-09-2025
RS189,MP043,Eco Inn 1,Bakery,Cafe,4.9,265,972,5.8,Kamjong,"Temple Road 26, Kamjong, Manipur",25.1836,93.6186,10:00 Ayuk,12:00 Ayuk,107,Yes,Yes,Yes,No,Yes,No,Yes,Yes,No,Yes,Yes,No,"Cash, UPI",-986679,info@restaurant108@tourism.in,https://www.restaurant.com,https://example.com/rest189.jpg,Open,16-04-2023,04-07-2025
RS055,MP029,Ima Restaurant,Fine Dining,"Continental, Cafe",3,1084,1104,12.1,Tengnoupal,"Market Street 30, Tengnoupal, Manipur",24.5925,94.4566,07:00 Ayuk,09:00 Nungthil,205,No,No,Yes,No,Yes,Yes,No,No,Yes,No,Yes,No,UPI,-7065,info@restaurant237@yahoo.com,NULL,https://example.com/rest55.jpg,Open,23-04-2023,08-12-2026
RS127,MP023,Bamboo Inn 1,Family Restaurant,Cafe,3.1,4374,1261,6.4,Churachandpur,"Market Street 55, Churachandpur, Manipur",24.8919,93.9783,11:00 Ayuk,12:00 Ayuk,214,Yes,No,Yes,No,No,Yes,No,Yes,No,Yes,Yes,No,All,-639723,info@restaurant.com,https://www.restaurant.com,https://example.com/rest127.jpg,Open,06-04-2023,24-10-2025
RS030,MP006,Loktak View,Tea House,"Continental, Cafe",4.2,4061,1101,3.9,Tengnoupal,"Market Street 23, Tengnoupal, Manipur",24.7595,94.0258,10:00 Ayuk,11:00 Nungthil,233,Yes,Yes,Yes,Yes,Yes,No,Yes,No,Yes,Yes,Yes,Yes,Net Banking,-960751,info@restaurant869@restaurant.in,NULL,https://example.com/rest30.jpg,Open,21-02-2023,16-05-2026
RS012,MP026,Green Kitchen,Tea House,Indian,4.7,2405,760,2.6,Kakching,"Market Street 100, Kakching, Manipur",24.8056,93.7996,07:00 Ayuk,10:00 Nungthil,224,No,Yes,Yes,No,No,No,No,No,Yes,No,No,Yes,Cash,-742501,info@restaurant784@hotmail.com,NULL,https://example.com/rest12.jpg,Open,04-06-2025,23-04-2025
RS177,MP027,Heritage Joint,Family Restaurant,"Manipuri, Chinese",3.3,5179,1874,1.7,Bishnupur,"Main Road 48, Bishnupur, Manipur",24.1266,93.6736,08:00 Ayuk,09:00 Nungthil,46,No,No,Yes,Yes,Yes,Yes,Yes,Yes,Yes,Yes,No,No,Cash,-1001300,info@restaurant157@hotmail.com,NULL,https://example.com/rest177.jpg,Temporarily Closed,03-07-2024,10-07-2025
RS174,MP017,Santhei Flavours 2,Street Food,"Manipuri, Chinese",4.7,2189,2104,8.5,Pherzawl,"Market Street 71, Pherzawl, Manipur",25.3254,94.3162,09:00 Ayuk,08:00 Nungthil,114,No,No,Yes,No,Yes,No,Yes,No,Yes,Yes,Yes,No,Debit Card,-162818,info@restaurant.com,https://www.restaurant.com,https://example.com/rest174.jpg,Under Renovation,09-04-2023,16-09-2026
RS156,MP044,Lake Delight,Food Court,"Manipuri, Chinese",2.8,3299,2043,6.4,Churachandpur,"Main Road 96, Churachandpur, Manipur",25.4285,94.2839,08:00 Ayuk,12:00 Ayuk,32,Yes,Yes,Yes,No,Yes,No,Yes,Yes,Yes,Yes,No,Yes,Net Banking,-680349,info@restaurant.com,NULL,https://example.com/rest156.jpg,Open,14-07-2025,20-04-2026
RS180,MP012,Classic Garden,Family Restaurant,"Continental, Cafe",3.9,3294,573,3,Churachandpur,"Lake Front 42, Churachandpur, Manipur",25.1865,93.0897,08:00 Ayuk,09:00 Nungthil,218,No,Yes,No,Yes,No,Yes,Yes,Yes,Yes,Yes,Yes,Yes,Cash,-734562,info@restaurant804@restaurant.in,NULL,https://example.com/rest180.jpg,Open,17-10-2025,22-12-2026
RS046,MP004,Bamboo Delight,Tea House,"Manipuri, Chinese",4.1,530,1255,11.7,Churachandpur,"Market Street 41, Churachandpur, Manipur",25.0533,94.0595,08:00 Ayuk,08:00 Nungthil,220,Yes,No,No,Yes,Yes,Yes,Yes,Yes,No,Yes,No,No,Debit Card,-948045,info@restaurant964@yahoo.com,https://www.restaurant.com,https://example.com/rest46.jpg,Under Renovation,07-08-2023,03-04-2026
RS051,MP063,Dzuko Joint,Cafe,Chinese,5.2,2766,1950,12.1,Jiribam,"Airport Road 60, Jiribam, Manipur",25.221,94.1464,08:00 Ayuk,08:00 Nungthil,149,Yes,Yes,Yes,Yes,Yes,No,Yes,Yes,No,Yes,Yes,No,"Cash, UPI",-228696,info@restaurant250@hotmail.com,https://www.restaurant.com,https://example.com/rest51.jpg,Open,05-01-2023,14-03-2026
RS032,MP034,Tharon Delight,Tea House,Fast Food,4.3,2538,376,11.3,Churachandpur,"Temple Road 63, Churachandpur, Manipur",24.9025,93.8008,11:00 Ayuk,12:00 Ayuk,35,No,Yes,Yes,No,Yes,No,Yes,No,No,No,Yes,Yes,Credit Card,-688551,info@restaurant684@manipurfoods.com,https://www.restaurant.com,https://example.com/rest32.jpg,Temporarily Closed,13-04-2023,03-04-2026
RS165,MP060,Dzuko Bites,Fast Food,Thai,3.9,5000,314,2.6,Tengnoupal,"Hill Side 36, Tengnoupal, Manipur",25.1693,94.4923,07:00 Ayuk,11:00 Nungthil,98,No,Yes,Yes,Yes,No,No,Yes,Yes,No,Yes,Yes,Yes,"Cash, UPI",-558343,info@restaurant87@yahoo.com,https://www.restaurant.com,https://example.com/rest165.jpg,Open,16-09-2025,10-08-2025
RS076,MP025,Eco Spot,Family Restaurant,Thai,2.8,2158,1107,7.6,Kangpokpi,"Main Road 93, Kangpokpi, Manipur",25.0483,93.6138,07:00 Ayuk,08:00 Nungthil,293,No,No,No,No,No,No,No,Yes,No,Yes,No,No,"Cash, UPI",-672819,info@restaurant.com,https://www.restaurant.com,https://example.com/rest76.jpg,Under Renovation,07-11-2023,10-09-2026
RS197,MP022,Mountain Joint,Street Food,"Manipuri, Indian",4.8,5008,1089,7.9,Noney,"Market Street 3, Noney, Manipur",25.0653,94.4914,10:00 Ayuk,12:00 Ayuk,113,Yes,No,Yes,Yes,Yes,No,No,Yes,No,Yes,No,No,Credit Card,-186674,info@restaurant.com,NULL,https://example.com/rest197.jpg,Under Renovation,24-07-2023,08-09-2025
RS113,MP035,Moira Flavours,Family Restaurant,Fusion,3.3,1697,2117,12.5,Imphal West,"Temple Road 69, Imphal West, Manipur",24.1076,94.1398,08:00 Ayuk,08:00 Nungthil,47,Yes,No,No,Yes,Yes,Yes,No,No,Yes,Yes,No,No,All,-675556,info@restaurant595@restaurant.in,NULL,https://example.com/rest113.jpg,Under Renovation,22-08-2024,17-06-2026
RS158,MP019,Valley Dhaba,Eco Cafe,Manipuri,3.8,2453,2820,5.5,Bishnupur,"Market Street 71, Bishnupur, Manipur",25.3114,94.2498,11:00 Ayuk,12:00 Ayuk,156,No,No,No,Yes,Yes,No,Yes,No,No,No,No,No,Debit Card,-306193,info@restaurant.com,https://www.restaurant.com,https://example.com/rest158.jpg,Under Renovation,20-07-2025,01-05-2025
RS148,MP047,Dzuko Diner 1,Tea House,Fusion,3.3,4341,2093,6,Pherzawl,"Lake Front 83, Pherzawl, Manipur",24.434,93.6115,10:00 Ayuk,08:00 Nungthil,99,No,Yes,Yes,No,No,No,No,Yes,No,No,No,No,Digital Wallet,-374231,info@restaurant741@restaurant.in,https://www.restaurant.com,https://example.com/rest148.jpg,Under Renovation,21-08-2025,18-09-2025
RS096,MP004,Ima View,Eco Cafe,Vegetarian,4.1,4159,983,2,Pherzawl,"Airport Road 95, Pherzawl, Manipur",24.7796,93.4097,07:00 Ayuk,09:00 Nungthil,185,Yes,No,No,Yes,Yes,Yes,Yes,No,Yes,No,No,Yes,Digital Wallet,-534999,info@restaurant.com,NULL,https://example.com/rest96.jpg,Temporarily Closed,25-10-2025,09-11-2026
RS194,MP030,Shirui Taste,Fine Dining,Indian,5,188,1258,11.3,Imphal East,"Airport Road 28, Imphal East, Manipur",24.8349,94.1233,09:00 Ayuk,11:00 Nungthil,187,No,No,No,No,Yes,No,No,No,Yes,No,Yes,Yes,All,-488348,info@restaurant214@gmail.com,https://www.restaurant.com,https://example.com/rest194.jpg,Open,13-04-2023,23-04-2025
RS082,MP056,Ima Bites,Family Restaurant,Manipuri,3,5398,2467,8.4,Noney,"Hill Side 91, Noney, Manipur",24.276,94.4201,09:00 Ayuk,11:00 Nungthil,242,No,No,Yes,Yes,No,No,No,No,No,No,No,Yes,"Cash, UPI",-395325,info@restaurant743@yahoo.com,https://www.restaurant.com,https://example.com/rest82.jpg,Temporarily Closed,01-06-2023,12-02-2025
RS115,MP032,Green Taste,Tea House,Thai,4.4,4763,2156,2.6,Noney,"Market Street 52, Noney, Manipur",25.2345,94.1983,10:00 Ayuk,09:00 Nungthil,268,No,No,Yes,No,Yes,No,Yes,Yes,Yes,No,No,Yes,Digital Wallet,-213392,info@restaurant830@manipurfoods.com,NULL,https://example.com/rest115.jpg,Temporarily Closed,21-01-2025,03-08-2026
RS074,MP069,Bamboo Diner,Fine Dining,"Manipuri, Indian",4.9,1142,1230,9.8,Jiribam,"Main Road 88, Jiribam, Manipur",25.2056,93.354,08:00 Ayuk,10:00 Nungthil,160,No,No,No,Yes,No,Yes,Yes,Yes,Yes,Yes,No,No,"Cash, UPI",-947164,info@restaurant245@hotmail.com,NULL,https://example.com/rest74.jpg,Under Renovation,01-09-2023,10-11-2025
RS039,MP037,Valley Spot,Restaurant,chinese,4,3858,211,5.7,Senapati,"Market Street 79, Senapati, Manipur",24.9984,93.2981,10:00 Ayuk,11:00 Nungthil,269,No,Yes,Yes,Yes,No,No,Yes,Yes,Yes,No,No,Yes,Credit Card,-214872,info@restaurant583@tourism.in,https://www.restaurant.com,https://example.com/rest39.jpg,Open,22-01-2023,17-10-2026
RS173,MP017,Tharon Bites,Cafe,"Manipuri, Chinese",2.8,5064,2248,8.6,Kangpokpi,"Temple Road 76, Kangpokpi, Manipur",24.5877,94.2887,11:00 Ayuk,11:00 Nungthil,198,No,No,Yes,No,No,No,No,No,Yes,No,No,Yes,Credit Card,-512670,info@restaurant598@tourism.in,https://www.restaurant.com,https://example.com/rest173.jpg,Under Renovation,04-11-2025,11-07-2025
RS061,MP015,Mountain Cafe 1,Cafe,Indian,3,2910,2164,13.7,Tengnoupal,"Temple Road 54, Tengnoupal, Manipur",24.8775,93.9177,11:00 Ayuk,12:00 Ayuk,176,Yes,No,No,Yes,Yes,Yes,No,Yes,Yes,Yes,Yes,No,Net Banking,-584655,info@restaurant710@tourism.in,https://www.restaurant.com,https://example.com/rest61.jpg,Open,16-06-2024,03-04-2025
RS049,MP016,Loktak Flavours,Fine Dining,Indian,4.9,4099,2104,5.8,Imphal East,"Market Street 79, Imphal East, Manipur",25.1948,93.4989,07:00 Ayuk,09:00 Nungthil,157,No,Yes,Yes,No,No,No,Yes,No,No,Yes,Yes,No,"Cash, UPI",,,NULL,https://example.com/rest49.jpg,Under Renovation,02-08-2025,15-09-2025
RS190,MP006,Bamboo Cafe 1,Family Restaurant,"Continental, Cafe",4,4781,2576,7.4,Thoubal,"Temple Road 30, Thoubal, Manipur",25.2909,94.4076,09:00 Ayuk,09:00 Nungthil,68,Yes,No,Yes,Yes,Yes,No,Yes,Yes,No,No,No,No,Debit Card,-825434,info@restaurant766@tourism.in,https://www.restaurant.com,https://example.com/rest190.jpg,Temporarily Closed,02-01-2025,03-08-2026
RS150,MP033,Ima Food Court 1,Eco Cafe,"Manipuri, Chinese",3.2,587,229,12,Jiribam,"Market Street 28, Jiribam, Manipur",25.135,93.8323,09:00 Ayuk,09:00 Nungthil,142,No,Yes,No,Yes,Yes,Yes,Yes,No,No,No,No,Yes,"Cash, UPI",-991942,info@restaurant425@yahoo.com,https://www.restaurant.com,https://example.com/rest150.jpg,Under Renovation,16-03-2023,02-04-2026
RS008,MP019,Royal Joint,Family Restaurant,Fusion,4.8,3913,2594,6.8,Imphal West,"Airport Road 55, Imphal West, Manipur",24.198,93.5114,08:00 Ayuk,10:00 Nungthil,186,Yes,Yes,No,Yes,Yes,Yes,No,Yes,No,Yes,Yes,No,Credit Card,-386564,info@restaurant.com,https://www.restaurant.com,https://example.com/rest8.jpg,Under Renovation,24-07-2025,14-10-2026
RS094,MP066,Ima Garden,Food Court,Thai,3.7,70,2850,9.7,Thoubal,"Market Street 13, Thoubal, Manipur",24.1741,94.1943,07:00 Ayuk,12:00 Ayuk,279,Yes,Yes,No,Yes,No,Yes,No,Yes,Yes,Yes,Yes,No,Digital Wallet,-223276,info@restaurant988@manipurfoods.com,https://www.restaurant.com,https://example.com/rest94.jpg,Open,23-06-2023,18-04-2026
RS089,MP049,Orchid Inn 1,Family Restaurant,"Manipuri, Indian",3.9,5530,2711,0.2,Noney,"Main Road 13, Noney, Manipur",24.6587,93.0117,07:00 Ayuk,08:00 Nungthil,109,No,Yes,Yes,No,Yes,No,No,No,Yes,No,No,Yes,Cash,,,NULL,https://example.com/rest89.jpg,Open,22-03-2025,12-10-2026
RS097,MP020, Kangla Taste 1,Tea House,Fast Food,3.7,4044,2350,9.5,Thoubal,"Hill Side 75, Thoubal, Manipur ",24.2885,93.9539,09:00 Ayuk,08:00 Nungthil,139,Yes,Yes,Yes,Yes,No,Yes,Yes,No,No,No,No,No,Net Banking,-472212,info@restaurant793@restaurant.in,NULL,https://example.com/rest97.jpg,Open,22-05-2025,13-08-2026
RS154,MP001,Ima Cafe,Fast Food,Indian,4.8,1235,2051,11.8,Senapati,"Hill Side 46, Senapati, Manipur",25.2871,93.1373,11:00 Ayuk,12:00 Ayuk,115,Yes,No,Yes,Yes,Yes,No,Yes,No,Yes,Yes,No,No,Digital Wallet,-591762,info@restaurant894@yahoo.com,https://www.restaurant.com,https://example.com/rest154.jpg,Temporarily Closed,06-02-2023,23-03-2025
RS004,MP039,Dzuko Food Court,Restaurant,Cafe,2.9,4198,1224,14.4,Bishnupur,"Temple Road 6, Bishnupur, Manipur",25.4057,94.4614,10:00 Ayuk,10:00 Nungthil,33,Yes,No,Yes,No,No,No,No,No,Yes,No,Yes,No,Credit Card,-824023,info@restaurant.com,https://www.restaurant.com,https://example.com/rest4.jpg,Under Renovation,20-07-2024,14-03-2025
RS162,MP028,Shirui Kitchen,Bakery,Manipuri,2.6,842,312,9.8,Jiribam,"Airport Road 42, Jiribam, Manipur",24.0727,94.4351,08:00 Ayuk,12:00 Ayuk,87,Yes,Yes,Yes,Yes,Yes,Yes,No,No,Yes,No,No,Yes,Net Banking,-762873,info@restaurant.com,https://www.restaurant.com,https://example.com/rest162.jpg,Temporarily Closed,08-03-2024,18-09-2025
RS151,MP025,Spice Spot,Family Restaurant,Manipuri,2.7,1242,461,0.4,Tamenglong,"Market Street 41, Tamenglong, Manipur",24.2955,93.7015,08:00 Ayuk,08:00 Nungthil,231,No,Yes,Yes,Yes,Yes,No,Yes,No,Yes,Yes,Yes,Yes,Digital Wallet,-704799,info@restaurant.com,https://www.restaurant.com,https://example.com/rest151.jpg,Temporarily Closed,16-12-2024,11-10-2026
RS110,MP042,Bamboo View,Street Food,Thai,5,5786,1298,5.5,Chandel,"Market Street 74, Chandel, Manipur",24.9617,93.3833,09:00 Ayuk,09:00 Nungthil,49,No,Yes,Yes,No,Yes,No,No,No,Yes,Yes,No,No,"Cash, UPI",-778670,info@restaurant642@manipurfoods.com,https://www.restaurant.com,https://example.com/rest110.jpg,Temporarily Closed,22-06-2024,24-03-2025
RS068,MP014,Green Flavours,Bakery,Bakery,3.5,2751,2387,13,Chandel,"Airport Road 15, Chandel, Manipur",24.3887,93.5264,08:00 Ayuk,11:00 Nungthil,221,Yes,No,Yes,No,Yes,Yes,No,Yes,Yes,Yes,No,No,Credit Card,-404825,info@restaurant707@restaurant.in,https://www.restaurant.com,https://example.com/rest68.jpg,Under Renovation,12-04-2023,18-08-2026
RS023,MP003,Classic Dhaba,Bakery,"Indian, Chinese",4,1811,270,13.7,Tengnoupal,"Market Street 66, Tengnoupal, Manipur",25.3116,93.7872,10:00 Ayuk,12:00 Ayuk,208,Yes,Yes,No,Yes,No,Yes,No,No,No,No,No,Yes,Net Banking,-784853,info@restaurant.com,https://www.restaurant.com,https://example.com/rest23.jpg,Open,18-08-2024,21-02-2025
RS112,MP018,Keibul Inn,Cafe,Thai,4.3,1013,1219,14.6,Bishnupur,"Temple Road 61, Bishnupur, Manipur",24.4117,93.695,08:00 Ayuk,12:00 Ayuk,74,No,No,Yes,Yes,No,Yes,No,No,No,No,Yes,Yes,Debit Card,-800666,info@restaurant.com,https://www.restaurant.com,https://example.com/rest112.jpg,Temporarily Closed,11-09-2025,03-04-2026
RS123,MP005,Moira Joint 1,Restaurant,Tibetan,4.7,114,742,4.9,Tamenglong,"Market Street 63, Tamenglong, Manipur",24.5632,94.0937,07:00 Ayuk,09:00 Nungthil,208,Yes,No,Yes,No,No,Yes,No,No,No,No,Yes,No,UPI,-675928,info@restaurant.com,https://www.restaurant.com,https://example.com/rest123.jpg,Open,22-06-2023,13-09-2026
RS139,MP007,Moira Inn,Street Food,Fusion,2.8,2777,348,4.8,Churachandpur,"Main Road 49, Churachandpur, Manipur",25.3307,93.2151,09:00 Ayuk,11:00 Nungthil,143,No,Yes,Yes,Yes,Yes,No,Yes,Yes,No,No,Yes,No,UPI,-609896,info@restaurant.com,https://www.restaurant.com,https://example.com/rest139.jpg,Open,24-08-2023,14-11-2025
RS033,MP048,Lake Garden,Family Restaurant,"Manipuri, Indian",3.4,3296,1787,11.4,Tamenglong,"Temple Road 4, Tamenglong, Manipur",25.0354,93.2554,09:00 Ayuk,10:00 Nungthil,133,No,Yes,No,Yes,Yes,Yes,No,Yes,No,No,Yes,Yes,Debit Card,-826146,info@vcwi,https://www.restaurant.com,https://example.com/rest33.jpg,Under Renovation,20-11-2025,17-10-2025
RS130,MP005,Loktak Delight,Fast Food,Continental,3.6,4635,1425,14.2,Bishnupur,"Airport Road 83, Bishnupur, Manipur",24.7349,93.8312,08:00 Ayuk,12:00 Ayuk,178,Yes,No,No,No,Yes,Yes,Yes,No,No,No,Yes,No,UPI,-514006,info@restaurant295@tourism.in,NULL,https://example.com/rest130.jpg,Temporarily Closed,04-04-2024,14-03-2025
RS058,MP033,Loktak Inn 1,Restaurant,Continental,4.4,1933,1228,3.6,Tamenglong,"Lake Front 80, Tamenglong, Manipur",25.4636,93.7474,11:00 Ayuk,09:00 Nungthil,248,No,Yes,No,No,No,Yes,Yes,No,No,Yes,Yes,No,Debit Card,-160414,info@restaurant263@manipurfoods.com,https://www.restaurant.com,https://example.com/rest58.jpg,Under Renovation,24-05-2025,01-09-2026
RS026,MP049,Dzuko Delight,Bakery,Chinese,3.6,3547,1886,4.8,Senapati,"Airport Road 15, Senapati, Manipur",24.0831,93.9727,07:00 Ayuk,10:00 Nungthil,250,Yes,Yes,Yes,Yes,No,Yes,Yes,Yes,No,Yes,No,No,Debit Card,-306874,info@restaurant952@restaurant.in,https://www.restaurant.com,https://example.com/rest26.jpg,Open,14-11-2023,20-12-2025
RS029,MP032,Lake Restaurant,Food Court,Fusion,4.3,5979,521,13.3,Tengnoupal,"Airport Road 40, Tengnoupal, Manipur",24.9562,93.9219,08:00 Ayuk,10:00 Nungthil,197,No,No,No,No,No,Yes,No,Yes,No,Yes,No,No,Digital Wallet,,,NULL,https://example.com/rest29.jpg,Open,18-09-2025,02-05-2026
RS152,MP023,Moira Kitchen 1,Fine Dining,"Continental, Cafe",3.3,780,2031,3.5,Churachandpur,"Hill Side 54, Churachandpur, Manipur",24.4188,94.3738,11:00 Ayuk,09:00 Nungthil,65,Yes,Yes,Yes,Yes,No,Yes,No,No,No,No,No,No,Net Banking,-207811,info@restaurant996@gmail.com,https://www.restaurant.com,https://example.com/rest152.jpg,Temporarily Closed,04-03-2023,20-05-2025
RS065,MP017,Royal Flavours 1,Restaurant,Fast Food,3.1,4034,677,2.8,Noney,"Hill Side 17, Noney, Manipur",25.355,93.4936,09:00 Ayuk,11:00 Nungthil,154,Yes,No,Yes,No,Yes,No,No,Yes,No,Yes,Yes,Yes,Digital Wallet,,,NULL,https://example.com/rest65.jpg,Under Renovation,12-12-2025,02-12-2025
RS018,MP055,Orchid Food Court,Tea House,Vegetarian,4.8,68,2847,3.4,Noney,"Temple Road 8, Noney, Manipur",24.0439,93.6234,09:00 Ayuk,11:00 Nungthil,65,No,No,Yes,Yes,Yes,Yes,No,Yes,Yes,Yes,No,No,Net Banking,-479530,info@restaurant.com,https://www.restaurant.com,https://example.com/rest18.jpg,Under Renovation,05-05-2025,21-09-2026
RS048,MP029,Moira Spot,Food Court,Manipuri,4.8,1225,1354,5.9,Senapati,"Hill Side 94, Senapati, Manipur",24.2468,94.0673,08:00 Ayuk,11:00 Nungthil,32,Yes,No,No,Yes,No,No,Yes,No,Yes,No,No,Yes,Debit Card,-813102,info@restaurant.com,https://www.restaurant.com,https://example.com/rest48.jpg,Open,03-06-2024,11-04-2025
RS088,MP050,Santhei Spot,Family Restaurant,Tibetan,4.2,5755,2873,0.9,Jiribam,"Market Street 79, Jiribam, Manipur",24.636,93.3252,09:00 Ayuk,11:00 Nungthil,150,Yes,No,Yes,No,Yes,Yes,No,Yes,No,Yes,Yes,No,Debit Card,-694473,info@restaurant73@tourism.in,NULL,https://example.com/rest88.jpg,Open,05-09-2024,25-10-2025
RS153,MP002,Classic Food Court 1,Fine Dining,Fusion,2.6,3928,2701,10.5,Chandel,"Temple Road 64, Chandel, Manipur",24.3602,93.5321,08:00 Ayuk,08:00 Nungthil,274,Yes,No,Yes,No,Yes,No,Yes,Yes,Yes,No,No,No,Cash,-268583,info@restaurant.com,https://www.restaurant.com,https://example.com/rest153.jpg,Open,20-09-2023,03-01-2025
RS198,MP007,Shirui Spot,Eco Cafe,Cafe,3.8,5747,561,1.7,Imphal East,"Temple Road 33, Imphal East, Manipur",25.114,93.4805,10:00 Ayuk,08:00 Nungthil,200,Yes,Yes,Yes,Yes,No,Yes,No,Yes,No,No,No,Yes,UPI,-414926,info@restaurant572@yahoo.com,https://www.restaurant.com,https://example.com/rest198.jpg,Open,21-10-2025,21-01-2025
RS135,MP045,Keibul Spot,Food Court,Tibetan,3.9,1704,733,0.7,Bishnupur,"Airport Road 87, Bishnupur, Manipur",24.7309,93.8839,10:00 Ayuk,08:00 Nungthil,248,No,Yes,No,No,Yes,No,No,No,No,No,No,Yes,Debit Card,-985125,info@restaurant334@manipurfoods.com,https://www.restaurant.com,https://example.com/rest135.jpg,Temporarily Closed,15-08-2025,21-01-2025
RS028,MP001,Orchid Delight,Family Restaurant,Indian,3.2,3346,805,1.3,Kamjong,"Main Road 61, Kamjong, Manipur",24.7711,94.1907,09:00 Ayuk,11:00 Nungthil,275,Yes,No,Yes,No,No,No,Yes,Yes,Yes,Yes,Yes,No,Digital Wallet,-355008,info@restaurant840@hotmail.com,https://www.restaurant.com,https://example.com/rest28.jpg,Open,25-05-2024,13-02-2025
RS160,MP046,Heritage Garden,Bakery,"Indian, Chinese",4.6,4860,529,12.8,Churachandpur,"Main Road 32, Churachandpur, Manipur",25.2782,93.9945,08:00 Ayuk,12:00 Ayuk,288,Yes,No,No,No,No,No,No,Yes,Yes,Yes,Yes,No,Digital Wallet,-917043,info@restaurant.com,https://www.restaurant.com,https://example.com/rest160.jpg,Open,14-03-2024,11-08-2025
RS099,MP013,Ima Spot,Fine Dining,"INDIAN, CHINESE",3.6,1428,1381,6.3,Imphal East,"Lake Front 21, Imphal East, Manipur",24.1121,93.5806,07:00 Ayuk,09:00 Nungthil,56,Yes,Yes,Yes,Yes,No,Yes,Yes,Yes,No,Yes,No,No,Digital Wallet,-257092,info@restaurant236@yahoo.com,https://www.restaurant.com,https://example.com/rest99.jpg,Under Renovation,16-02-2024,25-04-2026
RS159,MP054,Lake Bites 1,Bakery,Indian,2.6,94,2656,9.4,Tamenglong,"Airport Road 23, Tamenglong, Manipur",25.426,93.6581,09:00 Ayuk,10:00 Nungthil,240,No,No,Yes,Yes,Yes,Yes,Yes,No,No,Yes,No,No,UPI,-184622,info@restaurant953@gmail.com,https://www.restaurant.com,https://example.com/rest159.jpg,Open,24-05-2023,21-07-2025
RS098,MP025,Royal Kitchen,Street Food,Chinese,3.7,5433,519,0.8,Bishnupur,"Hill Side 79, Bishnupur, Manipur",24.341,94.4692,10:00 Ayuk,09:00 Nungthil,256,No,Yes,Yes,No,No,Yes,Yes,Yes,No,Yes,No,Yes,Net Banking,-832692,info@restaurant122@tourism.in,https://www.restaurant.com,https://example.com/rest98.jpg,Temporarily Closed,15-12-2024,20-07-2025
RS078,MP012,Valley Restaurant,Fast Food,Vegetarian,3.6,1932,1102,14.4,Kamjong,"Lake Front 74, Kamjong, Manipur",24.6747,93.385,08:00 Ayuk,11:00 Nungthil,217,Yes,No,No,Yes,No,No,Yes,No,No,No,No,No,Digital Wallet,-354335,info@restaurant28@tourism.in,https://www.restaurant.com,https://example.com/rest78.jpg,Temporarily Closed,01-01-2025,12-05-2026
RS025,MP006,Valley Flavours,Cafe,Continental,2.9,5261,1492,12.9,Kangpokpi,"Main Road 44, Kangpokpi, Manipur",24.6583,93.6799,09:00 Ayuk,08:00 Nungthil,90,No,No,Yes,No,Yes,No,Yes,Yes,Yes,Yes,No,Yes,Digital Wallet,,,NULL,https://example.com/rest25.jpg,Temporarily Closed,06-05-2024,04-06-2025
RS199,MP014,Santhei Food Court,Fine Dining,Indian,3,4624,2635,10.9,Noney,"Hill Side 96, Noney, Manipur",25.4876,93.3719,11:00 Ayuk,08:00 Nungthil,223,No,No,Yes,No,Yes,Yes,No,No,No,Yes,No,Yes,Digital Wallet,-132177,info@restaurant292@yahoo.com,https://www.restaurant.com,https://example.com/rest199.jpg,Temporarily Closed,17-09-2024,12-07-2026
RS188,MP022,Classic Flavours 1,Fast Food,Cafe,4.9,4318,1489,0.2,Tengnoupal,"Main Road 52, Tengnoupal, Manipur",25.0521,93.8216,09:00 Ayuk,12:00 Ayuk,221,Yes,Yes,Yes,Yes,Yes,No,Yes,No,No,No,No,No,Digital Wallet,-740000,info@restaurant911@yahoo.com,https://www.restaurant.com,https://example.com/rest188.jpg,Under Renovation,22-10-2023,16-08-2025
RS084,MP006,Valley Taste,Fast Food,"Vegetarian, Fast Food",4.6,3712,1406,10.1,Tamenglong,"Temple Road 59, Tamenglong, Manipur",25.3849,93.1277,09:00 Ayuk,12:00 Ayuk,84,No,No,Yes,Yes,Yes,Yes,Yes,No,No,No,Yes,Yes,All,-222812,info@restaurant587@hotmail.com,https://www.restaurant.com,https://example.com/rest84.jpg,Under Renovation,25-07-2024,24-06-2026
RS132,MP059,Green Dhaba 1,Fast Food,Tibetan,2.9,5656,1270,1.7,Thoubal,"Market Street 15, Thoubal, Manipur",25.0351,93.1413,10:00 Ayuk,11:00 Nungthil,24,No,No,No,No,No,Yes,No,Yes,No,Yes,Yes,No,Digital Wallet,-984708,info@restaurant.com,https://www.restaurant.com,https://example.com/rest132.jpg,Open,16-08-2023,10-05-2026
RS134,MP013,Heritage View 1,Tea House,Vegetarian,3,3748,1892,6,Jiribam,"Airport Road 94, Jiribam, Manipur",24.9358,93.7544,07:00 Ayuk,09:00 Nungthil,245,No,No,Yes,No,Yes,Yes,Yes,No,No,Yes,Yes,No,"Cash, UPI",-113244,info@restaurant514@tourism.in,NULL,https://example.com/rest134.jpg,Open,24-07-2025,10-05-2026
RS146,MP043,Green Spot 1,Fast Food,Tibetan,3.5,3892,1434,9.3,Churachandpur,"Main Road 83, Churachandpur, Manipur",24.3936,93.4426,08:00 Ayuk,08:00 Nungthil,44,Yes,Yes,Yes,Yes,Yes,Yes,Yes,No,Yes,No,No,No,Digital Wallet,-189393,info@restaurant491@gmail.com,https://www.restaurant.com,https://example.com/rest146.jpg,Temporarily Closed,11-06-2023,12-05-2025
RS075,MP028,Bamboo Kitchen 1,Eco Cafe,Vegetarian,3.1,244,2831,8.3,Tamenglong,"Temple Road 28, Tamenglong, Manipur",24.7797,93.8411,07:00 Ayuk,08:00 Nungthil,266,No,Yes,Yes,Yes,Yes,Yes,Yes,No,No,Yes,Yes,Yes,Debit Card,-5418,info@restaurant471@gmail.com,https://www.restaurant.com,https://example.com/rest75.jpg,Open,12-01-2023,22-03-2026
RS067,MP064,Orchid Inn,Bakery,Fast Food,4.2,1860,2982,1.6,kamjong,"Main Road 14, Kamjong, Manipur",24.3238,93.6616,08:00 Ayuk,11:00 Nungthil,44,No,Yes,Yes,No,No,Yes,No,Yes,No,Yes,No,Yes,Cash,-257995,info@restaurant821@tourism.in,https://www.restaurant.com,https://example.com/rest67.jpg,Open,21-03-2024,17-03-2026
RS095,MP021,Mountain Delight,Family Restaurant,Indian,4.1,319,1706,14.7,Imphal East,"Main Road 49, Imphal East, Manipur",25.2104,93.7484,10:00 Ayuk,11:00 Nungthil,122,Yes,No,No,Yes,Yes,No,No,No,Yes,Yes,Yes,No,"Cash, UPI",-7101,info@restaurant538@manipurfoods.com,NULL,https://example.com/rest95.jpg,Temporarily Closed,12-01-2024,02-09-2025
RS027,MP031,Heritage Cafe,Tea House,Thai,3,1437,248,13.4,thoubal,"Main Road 41, Thoubal, Manipur",25.2908,94.39,11:00 Ayuk,12:00 Ayuk,195,Yes,Yes,Yes,No,Yes,No,Yes,No,No,No,No,No,Cash,-839164,info@restaurant754@restaurant.in,https://www.restaurant.com,https://example.com/rest27.jpg,Under Renovation,09-06-2024,17-07-2025
RS064,MP061,Classic Joint,Cafe,Thai,2.7,4633,1523,12,Chandel,"Airport Road 25, Chandel, Manipur",24.0686,93.6578,09:00 Ayuk,08:00 Nungthil,190,No,No,Yes,Yes,Yes,Yes,No,No,Yes,No,Yes,No,Net Banking,-350698,info@restaurant.com,NULL,https://example.com/rest64.jpg,Under Renovation,15-04-2024,20-10-2025
RS192,MP002,Tharon Delight 1,Street Food,"Manipuri, Chinese",4.1,1276,1225,14.1,Thoubal,"Airport Road 8, Thoubal, Manipur",24.0553,94.0154,10:00 Ayuk,10:00 Nungthil,151,Yes,No,No,No,No,No,Yes,Yes,Yes,No,No,No,Digital Wallet,-573069,info@restaurant983@hotmail.com,https://www.restaurant.com,https://example.com/rest192.jpg,Under Renovation,16-11-2023,12-12-2025
RS193,MP011,Ima Kitchen,Tea House,"Indian, Chinese",3,523,230,1.6,Pherzawl,"Airport Road 31, Pherzawl, Manipur",24.9881,93.4379,07:00 Ayuk,10:00 Nungthil,206,No,Yes,No,Yes,Yes,Yes,No,No,No,Yes,No,Yes,"Cash, UPI",-934897,info@restaurant718@hotmail.com,https://www.restaurant.com,https://example.com/rest193.jpg,Under Renovation,23-11-2025,22-12-2026
RS126,MP067,Mountain Flavours,Family Restaurant,Indian,4.3,1302,1821,13,Noney,"Airport Road 41, Noney, Manipur",24.2526,93.0966,10:00 Ayuk,11:00 Nungthil,97,Yes,Yes,No,Yes,Yes,No,Yes,Yes,Yes,No,Yes,Yes,"Cash, UPI",-982909,info@restaurant326@tourism.in,https://www.restaurant.com,https://example.com/rest126.jpg,Temporarily Closed,07-03-2024,23-05-2026
RS038,MP003,Loktak Joint,Street Food,Cafe,4.7,943,1924,8.1,Tengnoupal,"Airport Road 39, Tengnoupal, Manipur",25.3099,93.743,09:00 Ayuk,10:00 Nungthil,32,Yes,No,No,No,No,Yes,No,Yes,Yes,No,No,Yes,Credit Card,-245846,info@restaurant605@yahoo.com,https://www.restaurant.com,https://example.com/rest38.jpg,Temporarily Closed,07-08-2025,12-03-2025
RS071,MP043,Valley View,Eco Cafe,Bakery,6.4,5309,1493,5.2,Bishnupur,"Temple Road 17, Bishnupur, Manipur",24.0381,93.4404,09:00 Ayuk,11:00 Nungthil,228,No,No,Yes,Yes,No,No,No,Yes,No,No,No,No,Digital Wallet,-344609,info@restaurant.com,https://www.restaurant.com,https://example.com/rest71.jpg,Under Renovation,04-03-2023,13-09-2025
RS070,MP001,Orchid View,Eco Cafe,"Manipuri, Chinese",2.5,2287,2691,14.6,Tamenglong,"Lake Front 9, Tamenglong, Manipur",25.3624,93.4722,08:00 Ayuk,12:00 Ayuk,79,Yes,Yes,No,Yes,No,No,No,No,Yes,No,No,No,"Cash, UPI",-826016,info@restaurant.com,https://www.restaurant.com,https://example.com/rest70.jpg,Open,22-02-2025,24-12-2026
RS155,MP031,Keibul Cafe,Fine Dining,Vegetarian,4,5392,1199,4.8,Jiribam,"Lake Front 8, Jiribam, Manipur",24.9436,94.0623,10:00 Ayuk,09:00 Nungthil,27,No,Yes,Yes,Yes,No,Yes,Yes,No,No,No,No,Yes,"Cash, UPI",-577774,info@restaurant911@manipurfoods.com,https://www.restaurant.com,https://example.com/rest155.jpg,Open,12-08-2024,24-06-2025
RS205,MP018,Moira Dhaba,Cafe,Cafe,4.1,4484,513,3.6,Noney,"Airport Road 49, Noney, Manipur",24.5021,93.227,09:00 Ayuk,12:00 Ayuk,165,No,Yes,Yes,No,No,No,No,Yes,Yes,No,Yes,No,Credit Card,,,NULL,https://example.com/rest5.jpg,Open,16-06-2023,08-06-2025
RS133,MP051,Classic Inn,Restaurant,"Manipuri, Indian",5,779,952,6.8,Churachandpur,"Hill Side 91, Churachandpur, Manipur",25.4938,93.3817,11:00 Ayuk,11:00 Nungthil,259,No,No,Yes,Yes,No,Yes,Yes,No,No,No,Yes,Yes,Cash,-352213,info@restaurant.com,https://www.restaurant.com,https://example.com/rest133.jpg,Under Renovation,17-11-2025,13-06-2026
RS080,MP002,Shirui Bites,Eco Cafe,Vegetarian,2.5,3964,1102,7.6,Imphal West,"Main Road 79, Imphal West, Manipur",24.1223,93.567,09:00 Ayuk,09:00 Nungthil,199,No,No,Yes,Yes,Yes,No,Yes,Yes,Yes,Yes,Yes,Yes,All,-637397,info@restaurant59@manipurfoods.com,NULL,https://example.com/rest80.jpg,Open,03-05-2025,06-01-2026
RS019,MP065,Classic House,Eco Cafe,TIBETAN,4,5560,1951,9.9,Pherzawl,"Lake Front 72, Pherzawl, Manipur",24.7767,93.0618,08:00 Ayuk,10:00 Nungthil,259,No,Yes,No,No,No,No,No,Yes,No,Yes,No,No,Cash,-121669,info@restaurant989@restaurant.in,https://www.restaurant.com,https://example.com/rest19.jpg,Temporarily Closed,05-06-2024,14-06-2025
RS059,MP008,Tharon Kitchen,Family Restaurant,thai,2.6,3541,1278,1,Thoubal,"Market Street 95, Thoubal, Manipur",24.4384,93.2879,09:00 Ayuk,09:00 Nungthil,59,No,No,No,No,No,Yes,No,No,No,Yes,No,No,Credit Card,-837299,info@restaurant566@yahoo.com,NULL,https://example.com/rest59.jpg,Temporarily Closed,08-03-2025,24-02-2026
RS001,MP015,Shirui Delight,Family Restaurant,"Manipuri, Indian",3.2,4165,2345,2.6,Bishnupur,"Main Road 35, Bishnupur, Manipur",25.1674,93.7299,08:00 Ayuk,11:00 Nungthil,218,No,No,No,No,No,No,Yes,No,Yes,Yes,Yes,No,All,-551924,info@restaurant819@hotmail.com,https://www.restaurant.com,https://example.com/rest1.jpg,Open,23-04-2023,15-06-2025
RS145,MP020,Valley Inn,Restaurant,Vegetarian,3.3,4589,1801,3.2,Jiribam,"Airport Road 43, Jiribam, Manipur",24.8714,93.7072,08:00 Ayuk,09:00 Nungthil,69,No,No,Yes,Yes,No,No,No,No,Yes,Yes,Yes,Yes,"Cash, UPI",-670199,info@restaurant378@restaurant.in,NULL,https://example.com/rest145.jpg,Under Renovation,05-04-2025,10-10-2026
RS176,MP046,Spice Inn,Cafe,Thai,4,2437,1847,7.5,Tengnoupal,"Market Street 45, Tengnoupal, Manipur",24.3771,93.1529,08:00 Ayuk,11:00 Nungthil,255,No,No,Yes,Yes,Yes,No,Yes,No,Yes,Yes,No,Yes,UPI,-337811,info@restaurant625@hotmail.com,https://www.restaurant.com,https://example.com/rest176.jpg,Temporarily Closed,04-07-2023,21-12-2026
RS125,MP020,Loktak Dhaba,Tea House,Manipuri,4.6,5379,1623,0.4,Imphal West,"Hill Side 82, Imphal West, Manipur",24.0581,93.8257,11:00 Ayuk,12:00 Ayuk,197,Yes,No,Yes,Yes,Yes,No,Yes,No,Yes,Yes,No,No,Digital Wallet,-463218,info@restaurant312@manipurfoods.com,https://www.restaurant.com,https://example.com/rest125.jpg,Temporarily Closed,02-09-2023,10-11-2025
RS144,MP011,Tharon House 1,Bakery,Fusion,4.4,5973,2497,14.7,Churachandpur,"Lake Front 94, Churachandpur, Manipur",25.2914,94.4312,11:00 Ayuk,11:00 Nungthil,133,No,Yes,Yes,Yes,No,Yes,Yes,No,Yes,No,Yes,Yes,UPI,-567513,info@restaurant926@yahoo.com,https://www.restaurant.com,https://example.com/rest144.jpg,Temporarily Closed,24-04-2025,23-10-2025
RS172,MP026,Heritage Inn 2,Fine Dining,"Indian, Chinese",4.2,1346,2336,6.6,Bishnupur,"Temple Road 15, Bishnupur, Manipur",25.1147,94.1877,10:00 Ayuk,12:00 Ayuk,85,No,No,Yes,No,Yes,Yes,No,Yes,No,No,No,Yes,UPI,-553582,info@restaurant497@gmail.com,https://www.restaurant.com,https://example.com/rest172.jpg,Temporarily Closed,12-02-2023,05-04-2025
RS108,MP062,Ima Flavours,Street Food,Manipuri,3.1,239,2203,4.5,Ukhrul,"Hill Side 39, Ukhrul, Manipur",25.4858,94.0005,07:00 Ayuk,11:00 Nungthil,223,Yes,No,Yes,No,No,No,Yes,No,No,No,No,No,Net Banking,-619581,info@restaurant.com,https://www.restaurant.com,https://example.com/rest108.jpg,Temporarily Closed,01-08-2025,07-11-2025
RS129,MP024,Santhei Restaurant,Fine Dining,"Manipuri, Indian",2.6,3040,1248,3.6,Jiribam,"Hill Side 94, Jiribam, Manipur",24.0211,93.2037,10:00 Ayuk,10:00 Nungthil,147,Yes,Yes,No,Yes,Yes,No,No,Yes,Yes,Yes,No,Yes,Digital Wallet,-425104,info@restaurant.com,https://www.restaurant.com,https://example.com/rest129.jpg,Open,16-12-2025,14-09-2025
RS104,MP063,Shirui Diner,Fast Food,Chinese,4.1,3979,219,4.9,Tamenglong,"Lake Front 12, Tamenglong, Manipur",24.3981,93.5649,07:00 Ayuk,11:00 Nungthil,101,No,Yes,Yes,Yes,Yes,No,Yes,Yes,Yes,Yes,Yes,Yes,Debit Card,-903163,info@restaurant466@hotmail.com,https://www.restaurant.com,https://example.com/rest104.jpg,Temporarily Closed,19-05-2024,11-08-2026
RS191,MP018,Kangla Taste,Fast Food,Fast Food,2.7,4193,2260,7.1,Imphal West,"Airport Road 39, Imphal West, Manipur",25.4721,93.5409,07:00 Ayuk,10:00 Nungthil,83,No,No,Yes,Yes,No,No,Yes,No,No,No,Yes,Yes,Digital Wallet,-377015,info@restaurant280@restaurant.in,NULL,https://example.com/rest191.jpg,Under Renovation,11-08-2025,25-12-2026
RS085,MP009,Bamboo Cafe,Eco Cafe,Manipuri,4.1,1604,2825,2.9,Pherzawl,"Main Road 39, Pherzawl, Manipur",24.4937,93.5836,10:00 Ayuk,10:00 Nungthil,245,Yes,Yes,No,Yes,No,No,Yes,No,No,No,Yes,No,Net Banking,,,NULL,https://example.com/rest85.jpg,Open,13-10-2025,13-04-2026
RS109,MP004,Valley Diner,Restaurant,"Manipuri, Chinese",3.5,1431,572,1.8,Tengnoupal,"Hill Side 69, Tengnoupal, Manipur",24.3637,93.7212,11:00 Ayuk,08:00 Nungthil,255,Yes,Yes,No,No,No,No,No,No,Yes,Yes,No,Yes,Digital Wallet,-170961,info@restaurant.com,https://www.restaurant.com,https://example.com/rest109.jpg,Under Renovation,18-09-2025,08-01-2026
RS121,MP004,Orchid Restaurant 2,Fast Food,"Manipuri, Indian",4.7,3871,614,13.6,Jiribam,"Airport Road 5, Jiribam, Manipur",25.4636,94.1285,09:00 Ayuk,12:00 Ayuk,262,Yes,Yes,No,No,No,Yes,No,Yes,Yes,No,No,Yes,Cash,-581906,info@restaurant401@yahoo.com,NULL,https://example.com/rest121.jpg,Under Renovation,05-06-2024,08-01-2026
RS093,MP013,Orchid Spot,Food Court,"Vegetarian, Fast Food",3.8,615,727,11.7,Tamenglong,"Lake Front 85, Tamenglong, Manipur",24.2394,94.1644,09:00 Ayuk,12:00 Ayuk,39,No,Yes,No,No,No,Yes,No,No,No,No,No,Yes,UPI,-502263,info@cgfj,NULL,https://example.com/rest93.jpg,Temporarily Closed,13-08-2024,03-12-2026
RS062,MP060,Orchid Garden,Bakery,Continental,4.8,4843,2803,11.5,Pherzawl,"Hill Side 78, Pherzawl, Manipur",24.3091,94.1758,08:00 Ayuk,11:00 Nungthil,281,Yes,Yes,Yes,Yes,No,Yes,Yes,Yes,No,No,No,No,Digital Wallet,-786126,info@restaurant403@gmail.com,NULL,https://example.com/rest62.jpg,Under Renovation,20-03-2024,17-04-2025
RS142,MP062,Bamboo Inn,Street Food,Fast Food,3.3,1624,1280,14,Thoubal,"Temple Road 23, Thoubal, Manipur",24.4992,93.5605,11:00 Ayuk,11:00 Nungthil,94,No,No,Yes,Yes,No,No,Yes,No,No,Yes,Yes,No,"Cash, UPI",-218646,info@restaurant306@gmail.com,https://www.restaurant.com,https://example.com/rest142.jpg,Under Renovation,07-12-2025,17-07-2026
RS011,MP012,Kangla Restaurant,Tea House,Indian,6.1,3441,2875,14.2,Thoubal,"Temple Road 80, Thoubal, Manipur",24.5255,93.0898,11:00 Ayuk,09:00 Nungthil,109,No,No,No,Yes,No,No,No,Yes,Yes,Yes,No,No,Digital Wallet,-239229,info@restaurant612@tourism.in,https://www.restaurant.com,https://example.com/rest11.jpg,Under Renovation,03-12-2024,04-12-2025
RS140,MP061,Spice Joint,Fast Food,"Vegetarian, Fast Food",3.9,5659,2835,13.6,Thoubal,"Market Street 79, Thoubal, Manipur",24.0702,94.1833,08:00 Ayuk,12:00 Ayuk,298,No,No,No,No,No,Yes,Yes,Yes,No,No,No,No,Net Banking,-621981,info@restaurant400@gmail.com,https://www.restaurant.com,https://example.com/rest140.jpg,Open,13-02-2025,18-05-2026
RS157,MP023,Moira Bites 1,Fast Food,Tibetan,3.8,4911,2088,14.5,Noney,"Lake Front 57, Noney, Manipur",25.4621,94.022,09:00 Ayuk,12:00 Ayuk,169,Yes,No,Yes,Yes,Yes,No,Yes,No,No,No,No,No,Net Banking,-620297,info@restaurant629@yahoo.com,https://www.restaurant.com,https://example.com/rest157.jpg,Open,06-01-2024,01-01-2026
RS077,MP058, Kangla House,Restaurant,Indian,4.8,3025,2183,11.9,Pherzawl,"Main Road 23, Pherzawl, Manipur ",25.0263,93.4265,07:00 Ayuk,08:00 Nungthil,193,Yes,No,Yes,No,Yes,Yes,No,Yes,No,Yes,No,Yes,Cash,-741427,info@restaurant.com,https://www.restaurant.com,https://example.com/rest77.jpg,Open,01-05-2023,17-08-2026
RS037,MP057, Lake Dhaba,Cafe,Indian,3.6,1457,1658,1.9,Thoubal,"Temple Road 86, Thoubal, Manipur ",24.886,94.4745,07:00 Ayuk,10:00 Nungthil,43,Yes,No,Yes,Yes,No,Yes,No,No,No,Yes,Yes,No,Digital Wallet,-842530,info@restaurant719@hotmail.com,https://www.restaurant.com,https://example.com/rest37.jpg,Open,13-07-2024,17-09-2026
RS086,MP053,Green Cafe 1,Food Court,"Vegetarian, Fast Food",3.6,686,1432,12.3,Churachandpur,"Temple Road 52, Churachandpur, Manipur",24.9767,93.3981,09:00 Ayuk,12:00 Ayuk,207,Yes,Yes,No,Yes,No,Yes,Yes,No,Yes,No,No,No,All,-746257,info@restaurant232@hotmail.com,NULL,https://example.com/rest86.jpg,Open,25-11-2024,16-10-2025
RS021,MP016,Keibul Diner,Cafe,Fast Food,4.4,5252,1717,10.6,Kamjong,"Temple Road 35, Kamjong, Manipur",24.8791,94.3574,07:00 Ayuk,09:00 Nungthil,35,Yes,No,No,No,No,No,Yes,Yes,Yes,No,Yes,Yes,All,-755550,info@restaurant335@tourism.in,NULL,https://example.com/rest21.jpg,Temporarily Closed,17-05-2024,25-01-2026
RS182,MP020,Tharon Food Court,Eco Cafe,"Vegetarian, Fast Food",2.8,5199,746,1.3,Ukhrul,"Temple Road 69, Ukhrul, Manipur",24.5163,93.4178,07:00 Ayuk,09:00 Nungthil,198,No,Yes,Yes,No,Yes,Yes,No,No,Yes,Yes,No,No,All,-466374,info@restaurant.com,https://www.restaurant.com,https://example.com/rest182.jpg,Temporarily Closed,25-07-2023,12-03-2025
